Year,County,Region,Type of Forest,Clear-cut Areal,3-10 years  Areal,11 - 20 years  Areal,21 - 30 years  Areal,31 - 40 years  Areal,41 - 60 years  Areal,61 - 80 years  Areal,81 - 100 years  Areal,101 - 120 years  Areal,121 - 140 years  Areal,141+ years  Areal,Yearly growth,Average Age,Clear-cut Percent,3-10 years  Percent,11 - 20 years  Percent,21 - 30 years  Percent,31 - 40 years  Percent,41 - 60 years  Percent,61 - 80 years  Percent,81 - 100 years  Percent,101 - 120 years  Percent,121 - 140 years  Percent,141+ years  Percent,Old Forest 100 120 140*
2005,01 Stockholms län,Svealand,Unprotected,19.9,18.1,21.9,37.1,28.6,43.6,42.2,28.5,25.8,8.2,11.6,7.11,54.9,7,6.3,7.7,13,10,15.3,14.8,10,9,2.9,4.1,16
2005,03 Uppsala län,Svealand,Unprotected,20.5,40.7,50.5,41,51.6,76.8,76.3,55,28.1,17.2,6.3,6.66,52.1,4.4,8.8,10.9,8.8,11.1,16.6,16.4,11.9,6.1,3.7,1.4,5.1
2005,04 Södermanlands län,Svealand,Unprotected,13.1,22.6,36.5,30.9,37.2,74.5,53.9,37.4,12.6,7.1,4.4,7.72,50.2,4,6.8,11.1,9.4,11.3,22.6,16.3,11.3,3.8,2.2,1.3,7.3
2005,05 Östergötlands län,Svealand,Unprotected,21.1,53.1,61.8,79,84.5,113.3,78.4,70.3,38.1,14.6,8,7.96,49.6,3.4,8.5,9.9,12.7,13.6,18.2,12.6,11.3,6.1,2.3,1.3,9.7
2005,06 Jönköpings län,Götaland,Unprotected,30.1,59.7,86.2,66.3,82.7,121.3,107.7,86.6,44.6,22.5,13.1,7.15,51.8,4.2,8.3,12,9.2,11.5,16.8,14.9,12,6.2,3.1,1.8,11.1
2005,07 Kronobergs län,Götaland,Unprotected,42.3,69.9,61.6,65.3,84,95.3,107.2,73,34.9,6.4,1.4,6.36,46.1,6.6,10.9,9.6,10.2,13.1,14.9,16.7,11.4,5.4,1,0.2,1.2
2005,08 Kalmar län,Götaland,Unprotected,30.4,49.3,67.6,74.6,66.7,120.9,121,70.7,47.5,21.7,6,7.22,52.2,4.5,7.3,10,11,9.9,17.9,17.9,10.5,7,3.2,0.9,11.1
2005,09 Gotlands län,Götaland,Unprotected,3.1,4.2,12.1,8.7,6.2,9.8,10.1,7.7,11.3,13.6,13.2,4.17,75.3,3.1,4.2,12.1,8.7,6.2,9.8,10.1,7.7,11.3,13.6,13.2,13.2
2005,10 Blekinge län,Götaland,Unprotected,7.6,17.8,14.8,25.7,22.8,30.5,36.2,15.3,6.8,1.5,,8.34,45.5,4.3,10,8.3,14.4,12.8,17.1,20.2,8.6,3.8,0.8,0,4.6
2005,12 Skåne län,Götaland,Unprotected,22,27.4,37.3,36.5,41.1,92,56.3,38.9,23.9,11.2,1,8.24,49.9,5.7,7.1,9.6,9.4,10.6,23.7,14.5,10,6.2,2.9,0.3,9.4
2005,13 Hallands län,Götaland,Unprotected,15,27.4,25.1,29.2,39.7,53.4,59.5,33,12.2,1.7,0.2,8.3,47.3,5.1,9.2,8.5,9.9,13.4,18,20.1,11.1,4.1,0.6,0.1,4.8
2005,14 Västra Götalands län,Götaland,Unprotected,53.7,121.2,121.5,139,151.3,206.8,172.7,137.4,80.4,30.7,19.4,7.66,50,4.4,9.8,9.8,11.3,12.3,16.8,14,11.1,6.5,2.5,1.6,10.6
2005,17 Värmlands län,Svealand,Unprotected,58.9,115.2,137.6,158.9,173.2,284,102.4,105.1,68.3,43.4,38.3,6.7,48.6,4.6,9,10.7,12.4,13.5,22.1,8,8.2,5.3,3.4,3,6.4
2005,18 Örebro län,Svealand,Unprotected,29.3,48.8,70.7,75.7,76.4,90.7,69.6,36.4,47.6,13.8,4.5,6.74,46.6,5.2,8.7,12.5,13.4,13.6,16.1,12.3,6.5,8.4,2.4,0.8,3.2
2005,19 Västmanlands län,Svealand,Unprotected,14.8,34.9,40.6,28.1,31.4,45.2,35.7,30,16.1,9.3,1.8,6.42,46.1,5.1,12.1,14.1,9.8,10.9,15.7,12.4,10.4,5.6,3.2,0.6,3.8
2005,20 Dalarnas län,Svealand,Unprotected,88.7,151.3,209.8,249.1,174.1,219.2,115,145.8,143.1,176.2,158.6,4.69,60.5,4.8,8.3,11.5,13.6,9.5,12,6.3,8,7.8,9.6,8.7,8.7
2005,21 Gävleborgs län,Södra Norrland,Unprotected,66.1,151.6,149,185.6,176.4,248.4,143.9,143.7,127,69.8,46.8,6.01,52.6,4.4,10.1,9.9,12.3,11.7,16.5,9.5,9.5,8.4,4.6,3.1,7.7
2005,22 Västernorrlands län,Södra Norrland,Unprotected,81.4,144.4,200.3,226.4,193.4,217.4,153.1,161.4,152.2,109.2,63.9,5.92,54.5,4.8,8.5,11.8,13.3,11.4,12.8,9,9.5,8.9,6.4,3.8,10.2
2005,23 Jämtlands län,Södra Norrland,Unprotected,109.8,225.4,298.7,256.9,214.6,254.4,131.3,193.6,289,291.7,311.7,4.23,68,4.3,8.7,11.6,10,8.3,9.9,5.1,7.5,11.2,11.3,12.1,12.1
2005,24 Västerbottens län,Norra Norrland,Unprotected,132.4,242,316.6,336.2,215.3,470.4,324.3,264.3,224.9,230.5,232,3.73,60.7,4.4,8.1,10.6,11.2,7.2,15.7,10.9,8.8,7.5,7.7,7.8,7.8
2005,25 Norrbottens län,Norra Norrland,Unprotected,108.3,249.5,243.7,348.1,336.4,618.8,402.7,307.8,244.7,254.2,266.4,2.93,62.8,3.2,7.4,7.2,10.3,10,18.3,11.9,9.1,7.2,7.5,7.9,7.9
2006,01 Stockholms län,Svealand,Unprotected,20,19.4,21.4,37.7,29.2,42.7,42.7,29.2,25.9,6.8,11.6,7.11,54.5,7,6.8,7.5,13.2,10.2,14.9,14.9,10.2,9,2.4,4,15.4
2006,03 Uppsala län,Svealand,Unprotected,17.1,42.2,49.3,39.4,47.2,74.9,70.9,57.2,26.7,18.8,5.8,6.66,52.7,3.8,9.4,11,8.8,10.5,16.7,15.8,12.7,5.9,4.2,1.3,5.5
2006,04 Södermanlands län,Svealand,Unprotected,14.8,20.9,37.2,34.8,38.4,72.1,54,35,13.9,7.5,4.9,7.72,49.9,4.4,6.3,11.2,10.4,11.5,21.6,16.2,10.5,4.2,2.2,1.5,7.9
2006,05 Östergötlands län,Svealand,Unprotected,23.3,51.9,62.7,78.9,80,118.7,75.8,71.7,37,14,8,7.96,49.5,3.7,8.3,10.1,12.7,12.9,19.1,12.2,11.5,5.9,2.3,1.3,9.5
2006,06 Jönköpings län,Götaland,Unprotected,32.1,64.8,80.8,62.8,74.1,115.8,92.3,91.1,46.8,20.6,15.2,7.15,52.1,4.6,9.3,11.6,9,10.6,16.6,13.3,13.1,6.7,3,2.2,11.9
2006,07 Kronobergs län,Götaland,Unprotected,52.4,71,65.9,57.7,82.5,88.8,102.1,68.2,34.1,6.6,1.4,6.36,44.7,8.3,11.3,10.4,9.1,13.1,14.1,16.2,10.8,5.4,1,0.2,1.2
2006,08 Kalmar län,Götaland,Unprotected,28.7,57.1,64.8,80.2,65.7,127.1,123.3,68,49.4,21.2,5.5,7.22,51.6,4.2,8.3,9.4,11.6,9.5,18.4,17.8,9.8,7.1,3.1,0.8,11
2006,09 Gotlands län,Götaland,Unprotected,3.4,4.8,9.2,10.2,7.9,9,14.1,8.7,9.4,11.1,14.4,4.17,73.9,3.3,4.7,9,10,7.7,8.8,13.8,8.5,9.2,10.9,14.1,14.1
2006,10 Blekinge län,Götaland,Unprotected,8.3,18.5,10.8,22.3,22.9,28.9,37.4,10,6.8,1.5,,8.34,44.9,5,11.1,6.5,13.3,13.7,17.3,22.3,6,4.1,0.9,0,5
2006,12 Skåne län,Götaland,Unprotected,21.3,24.6,37.6,35.9,42,90.1,59.2,36.9,22.3,11.3,1,8.24,50,5.6,6.4,9.8,9.4,11,23.6,15.5,9.7,5.8,3,0.3,9.1
2006,13 Hallands län,Götaland,Unprotected,13.6,26.1,23.7,25.1,36.2,52.9,61.7,33.1,12,2.6,1.2,8.3,49.1,4.7,9.1,8.2,8.7,12.6,18.4,21.4,11.5,4.2,0.9,0.4,5.5
2006,14 Västra Götalands län,Götaland,Unprotected,57.8,115.7,121.3,141.3,150.6,224,167.3,139.2,80.1,31.5,20.8,7.66,50.1,4.6,9.3,9.7,11.3,12,17.9,13.4,11.1,6.4,2.5,1.7,10.6
2006,17 Värmlands län,Svealand,Unprotected,55.9,114.3,143.2,170.2,169.6,285,110.7,106.5,64.6,42.7,37.7,6.7,48.3,4.3,8.8,11,13.1,13,21.9,8.5,8.2,5,3.3,2.9,6.2
2006,18 Örebro län,Svealand,Unprotected,29.2,51.3,69.1,72.2,77.9,89.3,65.7,38.2,45.4,13.4,3.9,6.74,46.2,5.3,9.2,12.4,13,14,16.1,11.8,6.9,8.2,2.4,0.7,3.1
2006,19 Västmanlands län,Svealand,Unprotected,15.4,36.2,40,29.3,32.8,48.9,33,29.6,15.1,9.3,2.6,6.42,45.7,5.3,12.4,13.7,10,11.2,16.7,11.3,10.1,5.2,3.2,0.9,4.1
2006,20 Dalarnas län,Svealand,Unprotected,86.8,142.5,222.3,243.4,175.9,241.5,121.3,136.8,143.7,173.9,157.4,4.69,60.2,4.7,7.7,12,13.2,9.5,13.1,6.6,7.4,7.8,9.4,8.5,8.5
2006,21 Gävleborgs län,Södra Norrland,Unprotected,64.6,148.2,158.2,190.9,173,251.9,145.7,138.9,128.1,70.1,42.7,6.01,52.1,4.3,9.8,10.5,12.6,11.4,16.7,9.6,9.2,8.5,4.6,2.8,7.4
2006,22 Västernorrlands län,Södra Norrland,Unprotected,75.8,137.5,204,222.7,208.7,228.1,131.2,154.8,154.3,109.9,66.2,5.92,54.5,4.5,8.1,12,13.2,12.3,13.5,7.7,9.1,9.1,6.5,3.9,10.4
2006,23 Jämtlands län,Södra Norrland,Unprotected,107.3,217.5,278.9,275.3,213,257.7,117.9,185.7,271.2,287.5,324.2,4.23,68.3,4.2,8.6,11,10.9,8.4,10.2,4.6,7.3,10.7,11.3,12.8,12.8
2006,24 Västerbottens län,Norra Norrland,Unprotected,119.4,248.7,324.5,305.9,240.3,492.1,336.3,258.4,216.1,232.5,208.3,3.73,59.9,4,8.3,10.9,10.3,8.1,16.5,11.3,8.7,7.2,7.8,7,7
2006,25 Norrbottens län,Norra Norrland,Unprotected,102.6,266.8,236.8,371.5,309.8,614.6,403.4,300.6,248.7,264.8,267,2.93,62.9,3,7.9,7,11,9.1,18.1,11.9,8.9,7.3,7.8,7.9,7.9
2007,01 Stockholms län,Svealand,Unprotected,18.9,21.5,17.8,36.1,28.1,42,43.8,30,22.8,6.2,13.9,7.11,55.2,6.7,7.6,6.3,12.8,10,14.9,15.6,10.7,8.1,2.2,4.9,15.2
2007,03 Uppsala län,Svealand,Unprotected,19.2,40,51.1,43,42,73.9,67.2,54.8,30.8,18.7,6.3,6.66,52.8,4.3,8.9,11.4,9.6,9.4,16.5,15,12.3,6.9,4.2,1.4,5.6
2007,04 Södermanlands län,Svealand,Unprotected,15.9,19.8,31.9,31.8,43.2,69.3,50.4,36.3,13.6,7.9,4.3,7.72,50.3,4.9,6.1,9.8,9.8,13.3,21.4,15.5,11.2,4.2,2.4,1.3,7.9
2007,05 Östergötlands län,Svealand,Unprotected,24.8,45.6,70.7,78.2,74.6,122.1,76.9,69.3,33.3,11,6.1,7.96,48.3,4,7.4,11.5,12.8,12.2,19.9,12.6,11.3,5.4,1.8,1,8.2
2007,06 Jönköpings län,Götaland,Unprotected,39.6,68.8,83.3,62.5,69.8,114.9,91.2,83.9,45.1,22.6,15.7,7.15,51,5.7,9.9,11.9,9,10,16.5,13.1,12,6.5,3.2,2.3,12
2007,07 Kronobergs län,Götaland,Unprotected,59.3,81.4,62.2,55.2,83.5,84.8,93.7,69.1,35.6,6.8,2.1,6.36,43.8,9.4,12.8,9.8,8.7,13.2,13.4,14.8,10.9,5.6,1.1,0.3,1.4
2007,08 Kalmar län,Götaland,Unprotected,26.9,57.1,64.5,84.7,64.2,133.5,125.3,71.5,48.4,21.4,5.4,7.22,51.8,3.8,8.1,9.2,12.1,9.1,19,17.8,10.2,6.9,3,0.8,10.7
2007,09 Gotlands län,Götaland,Unprotected,5,6.3,9.1,9,7.8,8.3,13.7,10.6,11.8,11.1,15.6,4.17,74.6,4.6,5.8,8.4,8.3,7.2,7.7,12.7,9.8,10.9,10.3,14.4,14.4
2007,10 Blekinge län,Götaland,Unprotected,7.1,19.5,13,23,23.6,31.1,34,10.3,5.6,1.5,,8.34,43.6,4.2,11.6,7.7,13.6,14,18.4,20.1,6.1,3.3,0.9,0,4.2
2007,12 Skåne län,Götaland,Unprotected,19.4,22.8,42.4,37.3,39.6,88.8,54.1,38.4,26,11.2,1.5,8.24,50.6,5.1,6,11.1,9.8,10.4,23.3,14.2,10.1,6.8,2.9,0.4,10.1
2007,13 Hallands län,Götaland,Unprotected,13.3,32,22.7,23.7,34.1,58.8,60.7,32.6,12.9,3.1,1.2,8.3,48.8,4.5,10.8,7.7,8,11.6,19.9,20.6,11,4.4,1.1,0.4,5.9
2007,14 Västra Götalands län,Götaland,Unprotected,56.7,114.1,132.7,133.4,149.8,220,167,136.6,80.6,37,22.5,7.66,50.5,4.5,9.1,10.6,10.7,12,17.6,13.4,10.9,6.4,3,1.8,11.2
2007,17 Värmlands län,Svealand,Unprotected,55.4,113.6,135,161.3,172.9,292.6,116.9,107.2,65.1,43.1,42.9,6.7,49.3,4.2,8.7,10.3,12.4,13.2,22.4,9,8.2,5,3.3,3.3,6.6
2007,18 Örebro län,Svealand,Unprotected,22.1,54.3,66.9,72.8,75.9,96.5,63.7,38.9,41.9,14.9,4,6.74,46.5,4,9.8,12.1,13.2,13.8,17.5,11.5,7,7.6,2.7,0.7,3.4
2007,19 Västmanlands län,Svealand,Unprotected,16.8,31.3,40.3,29.1,36.4,53.5,29.3,27.8,14.1,8.9,3,6.42,45.3,5.8,10.8,13.9,10,12.5,18.4,10.1,9.6,4.9,3.1,1,4.1
2007,20 Dalarnas län,Svealand,Unprotected,79.8,148.4,211.7,244.6,196.8,243.9,122.6,137.3,137.8,172.4,156.1,4.69,60,4.3,8,11.4,13.2,10.6,13.2,6.6,7.4,7.4,9.3,8.4,8.4
2007,21 Gävleborgs län,Södra Norrland,Unprotected,61.9,147.1,154.4,177.8,179.5,258.6,142.4,136.3,126.7,78.8,38.9,6.01,52.6,4.1,9.8,10.3,11.8,11.9,17.2,9.5,9.1,8.4,5.2,2.6,7.8
2007,22 Västernorrlands län,Södra Norrland,Unprotected,82.4,125.1,191.6,232.3,221.9,235.4,122.8,138.1,148.4,103.3,73.4,5.92,54.1,4.9,7.5,11.4,13.9,13.2,14.1,7.3,8.2,8.9,6.2,4.4,10.6
2007,23 Jämtlands län,Södra Norrland,Unprotected,95.6,211.2,286.6,273,197.6,275.1,120,178,273.5,288.7,308.8,4.23,68.3,3.8,8.4,11.4,10.9,7.9,11,4.8,7.1,10.9,11.5,12.3,12.3
2007,24 Västerbottens län,Norra Norrland,Unprotected,123.3,239.4,302.9,326.3,242.6,499.2,331.5,245.2,231.8,222.7,207.7,3.73,60,4.1,8.1,10.2,11,8.2,16.8,11.2,8.2,7.8,7.5,7,7
2007,25 Norrbottens län,Norra Norrland,Unprotected,96.5,267.7,246.6,350.1,306.3,622.2,390.7,301.7,238.2,252.4,272.4,2.93,62.8,2.9,8,7.4,10.5,9.2,18.6,11.7,9,7.1,7.5,8.1,8.1
2008,01 Stockholms län,Svealand,Unprotected,17.3,17.7,17.9,34.3,31.6,42.1,43.8,28.7,23.8,8.5,12.5,7.11,56.3,6.2,6.4,6.4,12.3,11.4,15.1,15.7,10.3,8.6,3.1,4.5,16.2
2008,03 Uppsala län,Svealand,Unprotected,20,36.7,52.4,46.4,43.6,77.7,65.2,54.6,33,17,6.4,6.66,52.6,4.4,8.1,11.6,10.2,9.6,17.1,14.4,12.1,7.3,3.8,1.4,5.2
2008,04 Södermanlands län,Svealand,Unprotected,19.4,16.7,31,32.4,43,79.8,56.6,34.9,12.3,6.6,3.8,7.72,49.7,5.8,5,9.2,9.6,12.8,23.7,16.8,10.4,3.7,2,1.1,6.8
2008,05 Östergötlands län,Svealand,Unprotected,23.8,46.7,71.6,77.8,75.4,123,75.4,68,32.5,11.8,5.4,7.96,48,3.9,7.6,11.7,12.7,12.3,20.1,12.3,11.1,5.3,1.9,0.9,8.1
2008,06 Jönköpings län,Götaland,Unprotected,37.1,70,78.7,70.7,69.7,115.8,79.2,87.1,50.3,23.1,16.7,7.15,51.5,5.3,10,11.3,10.1,10,16.6,11.3,12.5,7.2,3.3,2.4,12.9
2008,07 Kronobergs län,Götaland,Unprotected,52.7,85.8,67.9,49.7,87.9,86.7,90,69.5,37.4,6.1,1.5,6.36,43.7,8.3,13.5,10.7,7.8,13.8,13.6,14.2,10.9,5.9,1,0.2,1.2
2008,08 Kalmar län,Götaland,Unprotected,27.1,59.6,60.8,88.6,66.2,127.5,121.3,69.6,49.7,20,5.8,7.22,51.4,3.9,8.6,8.7,12.7,9.5,18.3,17.4,10,7.1,2.9,0.8,10.8
2008,09 Gotlands län,Götaland,Unprotected,6.8,6,8.8,10.2,8.3,7.7,18.7,11,13.2,7.2,16.3,4.17,72,5.9,5.2,7.7,8.9,7.3,6.7,16.4,9.6,11.5,6.3,14.3,14.3
2008,10 Blekinge län,Götaland,Unprotected,7.6,21.2,15,20.6,22.3,24.9,30.8,12.1,5.7,1,0.4,8.34,42.9,4.7,13.1,9.3,12.8,13.8,15.4,19.1,7.5,3.5,0.6,0.2,4.3
2008,12 Skåne län,Götaland,Unprotected,22.9,24.5,44,36.5,35.6,85,50.6,38.5,25.5,8.4,2,8.24,49.3,6.1,6.6,11.8,9.8,9.5,22.8,13.5,10.3,6.8,2.2,0.5,9.5
2008,13 Hallands län,Götaland,Unprotected,11.7,29.6,21.3,22.2,34.6,58,59.8,34.6,15.4,5,1.2,8.3,51,4,10.1,7.3,7.6,11.8,19.8,20.4,11.8,5.2,1.7,0.4,7.3
2008,14 Västra Götalands län,Götaland,Unprotected,56,115.5,135,119.8,164.6,227.4,158.5,133.8,82.1,34.3,21.9,7.66,50.2,4.5,9.2,10.8,9.6,13.2,18.2,12.7,10.7,6.6,2.7,1.8,11.1
2008,17 Värmlands län,Svealand,Unprotected,53.4,113.2,133.7,163.5,165.1,302.3,117.2,104.2,68.9,40.2,41.3,6.7,49.2,4.1,8.7,10.3,12.5,12.7,23.2,9,8,5.3,3.1,3.2,6.3
2008,18 Örebro län,Svealand,Unprotected,24,58.1,61.2,73.1,79.6,96,68.3,37.6,41.6,17.6,5.6,6.74,47.1,4.3,10.3,10.9,13,14.1,17.1,12.1,6.7,7.4,3.1,1,4.1
2008,19 Västmanlands län,Svealand,Unprotected,16.8,33.8,34,32.9,37.7,52.8,31.5,26.4,14.7,7.6,3,6.42,45,5.8,11.6,11.7,11.3,12.9,18.1,10.8,9.1,5,2.6,1,3.6
2008,20 Dalarnas län,Svealand,Unprotected,80.8,147.2,199.2,259,203.8,245.8,129.7,126.6,135.4,158.3,168.1,4.69,59.8,4.4,7.9,10.7,14,11,13.3,7,6.8,7.3,8.5,9.1,9.1
2008,21 Gävleborgs län,Södra Norrland,Unprotected,56.3,144.3,141.6,172.1,176.8,261.8,135.3,132.3,119,81,38.4,6.01,52.9,3.9,9.9,9.7,11.8,12.1,17.9,9.3,9.1,8.2,5.6,2.6,8.2
2008,22 Västernorrlands län,Södra Norrland,Unprotected,79.6,124.4,187.9,234.9,225.4,240.8,122.5,119.9,141.9,101.6,83.3,5.92,54.1,4.8,7.5,11.3,14.1,13.6,14.5,7.4,7.2,8.5,6.1,5,11.1
2008,23 Jämtlands län,Södra Norrland,Unprotected,90.3,198.3,261.5,269.2,187.9,294,119.5,170,240.9,259.4,347.8,4.23,69.3,3.7,8.1,10.7,11,7.7,12.1,4.9,7,9.9,10.6,14.3,14.3
2008,24 Västerbottens län,Norra Norrland,Unprotected,118.6,243,279.5,333.2,242.4,505.7,330.9,268.5,237.4,220.5,218.9,3.73,60.8,4,8.1,9.3,11.1,8.1,16.9,11,9,7.9,7.4,7.3,7.3
2008,25 Norrbottens län,Norra Norrland,Unprotected,94.5,250.4,258.6,340.6,316.4,645.1,376.9,308.9,235.8,242.8,282,2.93,62.9,2.8,7.5,7.7,10.2,9.4,19.2,11.2,9.2,7,7.2,8.4,8.4
2009,01 Stockholms län,Svealand,Unprotected,17.1,17.5,19.1,35.7,28.2,41.1,44.7,27.3,26.4,8.9,12.9,7.11,57,6.1,6.3,6.9,12.8,10.1,14.7,16,9.8,9.5,3.2,4.6,17.3
2009,03 Uppsala län,Svealand,Unprotected,20,38,48.1,46.3,41.8,78.5,65.3,55.5,33.8,15.9,8.4,6.66,53.3,4.4,8.4,10.7,10.3,9.3,17.4,14.5,12.3,7.5,3.5,1.9,5.4
2009,04 Södermanlands län,Svealand,Unprotected,17.1,18,34.7,30.3,41.6,83.4,55,33.6,12,7.5,4.6,7.72,49.9,5.1,5.3,10.3,9,12.3,24.7,16.3,9.9,3.6,2.2,1.4,7.2
2009,05 Östergötlands län,Svealand,Unprotected,24.2,45.4,68.4,80.2,77.2,128.4,73.5,67.8,33.3,11.8,6.2,7.96,48.3,3.9,7.4,11.1,13,12.5,20.8,11.9,11,5.4,1.9,1,8.3
2009,06 Jönköpings län,Götaland,Unprotected,34.4,66.4,74.9,70.1,68.4,115.1,80.8,84.2,51.5,20.9,16.7,7.15,51.9,5,9.7,11,10.3,10,16.8,11.8,12.3,7.5,3.1,2.4,13
2009,07 Kronobergs län,Götaland,Unprotected,49.7,95.3,72.8,48.6,87.5,90.4,85.2,63.3,38.3,7.6,1.7,6.36,42.9,7.8,14.9,11.4,7.6,13.7,14.1,13.3,9.9,6,1.2,0.3,1.5
2009,08 Kalmar län,Götaland,Unprotected,30,62.1,59.6,85.4,79.8,128.8,112.8,68.9,51.2,19.6,5.2,7.22,50.6,4.3,8.8,8.5,12.1,11.3,18.3,16,9.8,7.3,2.8,0.7,10.8
2009,09 Gotlands län,Götaland,Unprotected,8.3,4.3,9,9.5,10.6,7.3,17.5,11.3,12.6,6.1,19,4.17,72.8,7.2,3.7,7.8,8.2,9.2,6.3,15.2,9.8,10.9,5.3,16.5,16.5
2009,10 Blekinge län,Götaland,Unprotected,4.3,21.5,15.8,19.2,21.3,23.2,29.6,13.3,5.7,1,0.4,8.34,43.9,2.8,13.9,10.2,12.4,13.7,14.9,19.1,8.6,3.7,0.6,0.3,4.6
2009,12 Skåne län,Götaland,Unprotected,20.6,30.2,37.3,31,36.9,83.3,49.5,35.1,22.6,7.7,2,8.24,48.7,5.8,8.5,10.5,8.7,10.4,23.4,13.9,9.9,6.3,2.2,0.6,9.1
2009,13 Hallands län,Götaland,Unprotected,9.8,32.5,18.3,20.5,32.1,61.1,59.5,33.2,12.3,5,1.2,8.3,50.7,3.4,11.4,6.4,7.2,11.2,21.4,20.8,11.6,4.3,1.8,0.4,6.5
2009,14 Västra Götalands län,Götaland,Unprotected,56.3,106.4,138.4,118.3,171.4,243.2,156.9,139.1,84,39.5,20.4,7.66,50.8,4.4,8.4,10.9,9.3,13.5,19.1,12.3,10.9,6.6,3.1,1.6,11.3
2009,17 Värmlands län,Svealand,Unprotected,52,113.4,142,157.8,161.1,309.6,119.6,94.3,67,40.2,41.3,6.7,48.8,4,8.7,10.9,12.2,12.4,23.9,9.2,7.3,5.2,3.1,3.2,6.3
2009,18 Örebro län,Svealand,Unprotected,24.2,63.1,67.1,67.6,77.4,103,70.7,36.2,35,16.2,5.3,6.74,45.6,4.3,11.2,11.9,11.9,13.7,18.2,12.5,6.4,6.2,2.9,0.9,3.8
2009,19 Västmanlands län,Svealand,Unprotected,17.3,30.5,33.1,30.5,37.6,57.3,32.4,24.7,14.8,7.6,2.9,6.42,45.5,6,10.6,11.5,10.6,13,19.8,11.2,8.6,5.1,2.6,1,3.6
2009,20 Dalarnas län,Svealand,Unprotected,80.5,155.2,195.3,261.4,200.8,254.4,127,119.5,139.9,155.2,171.1,4.69,59.6,4.3,8.3,10.5,14.1,10.8,13.7,6.8,6.4,7.5,8.3,9.2,9.2
2009,21 Gävleborgs län,Södra Norrland,Unprotected,56,144.3,144.2,168.6,184.6,254.5,147.5,124.8,110.5,78.7,37,6.01,52.2,3.9,9.9,9.9,11.6,12.7,17.5,10.2,8.6,7.6,5.4,2.6,8
2009,22 Västernorrlands län,Södra Norrland,Unprotected,88.4,116.5,178.7,228.3,225.8,252.3,127.2,124.4,139.9,103,83.5,5.92,54.5,5.3,7,10.7,13.7,13.5,15.1,7.6,7.5,8.4,6.2,5,11.2
2009,23 Jämtlands län,Södra Norrland,Unprotected,89.2,199.9,250.4,281.6,182,322,122.7,159.4,217.8,251.7,373.3,4.23,69.3,3.6,8.2,10.2,11.5,7.4,13.1,5,6.5,8.9,10.3,15.2,15.2
2009,24 Västerbottens län,Norra Norrland,Unprotected,110.5,237.1,258.4,315.5,244.1,500.2,327,260.5,221.4,218.5,210.6,3.73,61,3.8,8.2,8.9,10.9,8.4,17.2,11.3,9,7.6,7.5,7.3,7.3
2009,25 Norrbottens län,Norra Norrland,Unprotected,89.5,246.3,244.6,340,327.5,655.2,389.4,307.7,219.9,246.3,271.5,2.93,62.8,2.7,7.4,7.3,10.2,9.8,19.6,11.7,9.2,6.6,7.4,8.1,8.1
2010,01 Stockholms län,Svealand,Unprotected,17.8,17.7,19.9,31.1,35.5,39.3,42,28.1,26.8,9.9,13.8,7.11,57.3,6.3,6.3,7.1,11,12.6,13.9,14.9,10,9.5,3.5,4.9,17.9
2010,03 Uppsala län,Svealand,Unprotected,20.4,37.6,49.4,43.1,44.2,81.1,65.1,58.3,33.9,17.5,9.4,6.66,54,4.4,8.2,10.7,9.4,9.6,17.6,14.1,12.7,7.4,3.8,2,5.8
2010,04 Södermanlands län,Svealand,Unprotected,14.3,21.7,31.9,34.1,40.2,85.1,56.9,33,15.9,6.9,4.5,7.72,50.4,4.1,6.3,9.3,9.9,11.7,24.7,16.5,9.6,4.6,2,1.3,7.9
2010,05 Östergötlands län,Svealand,Unprotected,29.7,43.1,68.8,78.8,79.6,134.1,72.4,66.2,34.2,12.5,7.2,7.96,48.2,4.7,6.9,11,12.6,12.7,21.4,11.6,10.6,5.5,2,1.1,8.6
2010,06 Jönköpings län,Götaland,Unprotected,33.2,74.9,72.9,74.4,61.8,114.7,81.6,87.7,54.8,20.8,16.7,7.15,52,4.8,10.8,10.5,10.7,8.9,16.5,11.8,12.6,7.9,3,2.4,13.3
2010,07 Kronobergs län,Götaland,Unprotected,36.9,107.4,71,51,86.7,93.6,77.6,65,37.9,7.3,2.1,6.36,42.9,5.8,16.9,11.2,8,13.6,14.7,12.2,10.2,6,1.1,0.3,1.4
2010,08 Kalmar län,Götaland,Unprotected,34.4,60.1,62.3,84.9,80.5,121.1,107.1,72.6,48.5,19.6,5.4,7.22,50.2,4.9,8.6,8.9,12.2,11.6,17.4,15.4,10.4,7,2.8,0.8,10.6
2010,09 Gotlands län,Götaland,Unprotected,9.9,4,9.8,11.8,11,7.8,17.6,12.2,13.4,7.6,21.4,4.17,73,7.8,3.2,7.7,9.3,8.7,6.2,13.9,9.6,10.6,6,16.9,16.9
2010,10 Blekinge län,Götaland,Unprotected,4.8,20.5,18.1,16.4,22.5,25.3,29.7,16,5.6,0.9,0.4,8.34,44.6,3,12.8,11.3,10.2,14,15.8,18.5,10,3.5,0.6,0.2,4.3
2010,12 Skåne län,Götaland,Unprotected,22.1,31.2,39.2,33.9,36.4,81,55.2,32.2,20.7,9.8,2,8.24,48.2,6.1,8.6,10.8,9.3,10,22.3,15.2,8.9,5.7,2.7,0.5,8.9
2010,13 Hallands län,Götaland,Unprotected,9,35,15.7,19.7,31.6,65.9,65.1,31.9,11.9,5.1,1.9,8.3,51.2,3.1,11.9,5.4,6.7,10.8,22.5,22.2,10.9,4.1,1.7,0.6,6.4
2010,14 Västra Götalands län,Götaland,Unprotected,55.4,103.7,140.2,115.9,165.3,250.7,156,140.5,80.5,43.3,19.4,7.66,51,4.4,8.2,11,9.1,13,19.7,12.3,11.1,6.3,3.4,1.5,11.2
2010,17 Värmlands län,Svealand,Unprotected,51.1,117.8,141.4,150,166.5,322.1,110.9,93.3,68.3,42.2,41.7,6.7,48.9,3.9,9,10.8,11.5,12.8,24.7,8.5,7.1,5.2,3.2,3.2,6.4
2010,18 Örebro län,Svealand,Unprotected,24.5,66.6,66.4,66.2,74.2,113.5,65.8,39,30.2,16.5,6.4,6.74,45.3,4.3,11.7,11.7,11.6,13,19.9,11.6,6.9,5.3,2.9,1.1,4
2010,19 Västmanlands län,Svealand,Unprotected,20.4,29,35.9,29.8,30,60,27.4,25.6,13.8,7.8,3.3,6.42,45,7.2,10.2,12.7,10.5,10.6,21.2,9.7,9,4.9,2.8,1.2,4
2010,20 Dalarnas län,Svealand,Unprotected,76.3,162.5,195.5,259.7,217.4,262.4,124.3,118.3,134.7,146.8,171.2,4.69,58.8,4.1,8.7,10.5,13.9,11.6,14,6.6,6.3,7.2,7.9,9.2,9.2
2010,21 Gävleborgs län,Södra Norrland,Unprotected,59.1,143.6,149,159.7,190.2,272.2,151.7,112.8,104.7,75.3,37,6.01,51.4,4.1,9.9,10.2,11,13.1,18.7,10.4,7.8,7.2,5.2,2.5,7.7
2010,22 Västernorrlands län,Södra Norrland,Unprotected,93.1,111.5,187.8,215.5,223.7,264.6,108.3,133.4,141.8,94.4,81.1,5.92,54,5.6,6.7,11.3,13,13.5,16,6.5,8.1,8.6,5.7,4.9,10.6
2010,23 Jämtlands län,Södra Norrland,Unprotected,87.4,207.3,243.8,292.1,194.9,340.9,126.1,173.2,202.8,252.5,358.2,4.23,68.2,3.5,8.4,9.8,11.8,7.9,13.7,5.1,7,8.2,10.2,14.4,14.4
2010,24 Västerbottens län,Norra Norrland,Unprotected,112.8,235.7,239.4,331.6,262.2,476.3,342.8,264,228.4,199.5,212.2,3.73,60.8,3.9,8.1,8.2,11.4,9,16.4,11.8,9.1,7.9,6.9,7.3,7.3
2010,25 Norrbottens län,Norra Norrland,Unprotected,94.8,237.5,230.3,318.8,325.1,651.6,394.2,298.3,198.7,236,301.2,2.93,63.5,2.9,7.2,7,9.7,9.9,19.8,12,9.1,6,7.2,9.2,9.2
2011,01 Stockholms län,Svealand,Unprotected,17.7,17.5,18.2,31.5,33.4,41.2,40.4,26.6,26.4,10.5,14.4,7.11,57.7,6.4,6.3,6.6,11.3,12,14.8,14.5,9.6,9.5,3.8,5.2,18.5
2011,03 Uppsala län,Svealand,Unprotected,22.6,32.2,55.5,48.9,47.8,86.4,65.4,58.1,34.8,17.8,12,6.66,53.9,4.7,6.7,11.5,10.2,9.9,17.9,13.6,12.1,7.2,3.7,2.5,6.2
2011,04 Södermanlands län,Svealand,Unprotected,14.1,23.9,31,33.1,39.9,80.6,53.9,32,16.5,7,3.9,7.72,50,4.2,7.1,9.2,9.9,11.9,24,16,9.5,4.9,2.1,1.2,8.2
2011,05 Östergötlands län,Svealand,Unprotected,26,46.1,61.1,74.6,85.1,136.8,70.8,63.3,34.5,13.6,7.1,7.96,48.6,4.2,7.4,9.9,12.1,13.7,22.1,11.4,10.2,5.6,2.2,1.1,8.9
2011,06 Jönköpings län,Götaland,Unprotected,31.6,80.5,73.6,71.9,68,117.8,88.4,81.1,54.2,18.6,15.6,7.15,51,4.5,11.5,10.5,10.3,9.7,16.8,12.6,11.6,7.7,2.7,2.2,12.6
2011,07 Kronobergs län,Götaland,Unprotected,29.2,121.4,70.3,51.7,89.1,97.1,77.1,61.1,38.6,7.2,2.1,6.36,42.4,4.5,18.8,10.9,8,13.8,15.1,12,9.5,6,1.1,0.3,1.4
2011,08 Kalmar län,Götaland,Unprotected,34.9,63.9,61.4,82.9,80.2,125.3,100.6,76.6,48.6,20.4,8,7.22,50.5,5,9.1,8.7,11.8,11.4,17.8,14.3,10.9,6.9,2.9,1.1,10.9
2011,09 Gotlands län,Götaland,Unprotected,9.8,5.4,8.4,15.5,10.1,7.8,14.7,11.8,14.2,8.9,19.3,4.17,71.4,7.8,4.3,6.7,12.3,8,6.2,11.7,9.4,11.3,7.1,15.3,15.3
2011,10 Blekinge län,Götaland,Unprotected,4.1,21.8,19.6,16.1,23.9,27.4,28.3,19.4,5.6,0.9,0.4,8.34,45,2.4,13,11.7,9.6,14.3,16.4,16.9,11.6,3.3,0.5,0.2,4
2011,12 Skåne län,Götaland,Unprotected,21.5,38.6,40.8,31.1,40.5,79.5,56.1,34.3,20.8,10.4,2.7,8.24,47.9,5.7,10.3,10.8,8.3,10.8,21.1,14.9,9.1,5.5,2.8,0.7,9
2011,13 Hallands län,Götaland,Unprotected,10,36.2,17.7,20.8,34.2,62.2,60.1,33.4,13.5,4.6,1.3,8.3,50.2,3.4,12.3,6,7.1,11.6,21.1,20.4,11.4,4.6,1.6,0.4,6.6
2011,14 Västra Götalands län,Götaland,Unprotected,53.2,111.3,142,105,168.7,253,152.3,140.3,83.1,39.5,19.4,7.66,50.7,4.2,8.8,11.2,8.3,13.3,20,12,11.1,6.6,3.1,1.5,11.2
2011,17 Värmlands län,Svealand,Unprotected,46.9,120.7,134.4,143,172.5,319.3,104.6,88.4,67.8,42.1,39.7,6.7,48.7,3.7,9.4,10.5,11.2,13.5,25,8.2,6.9,5.3,3.3,3.1,6.4
2011,18 Örebro län,Svealand,Unprotected,24,64,63.1,68,70.7,120.8,65.8,36.4,28.3,17.2,6.9,6.74,45.6,4.2,11.3,11.2,12,12.5,21.4,11.6,6.4,5,3,1.2,4.2
2011,19 Västmanlands län,Svealand,Unprotected,19.3,30.7,40.5,29.4,29.1,61,30.7,24.9,14.4,9.1,3,6.42,45.1,6.6,10.5,13.9,10.1,10,20.9,10.5,8.5,4.9,3.1,1,4.1
2011,20 Dalarnas län,Svealand,Unprotected,74.8,153.6,186.9,255.8,239.5,264.3,117.3,118.9,129.8,145.8,169,4.69,58.8,4,8.3,10.1,13.8,12.9,14.2,6.3,6.4,7,7.9,9.1,9.1
2011,21 Gävleborgs län,Södra Norrland,Unprotected,67.1,142.2,141.5,156.7,209,279.5,156.1,115.7,96.4,73.3,38.1,6.01,51,4.5,9.6,9.6,10.6,14.2,18.9,10.6,7.8,6.5,5,2.6,7.6
2011,22 Västernorrlands län,Södra Norrland,Unprotected,103,105.3,174.1,215.6,216.2,269.7,112.9,129.7,136.2,97.2,82.7,5.92,54.3,6.3,6.4,10.6,13.1,13.2,16.4,6.9,7.9,8.3,5.9,5,10.9
2011,23 Jämtlands län,Södra Norrland,Unprotected,89.7,214.2,242.9,296.4,196.1,350.9,127.6,174.5,194.3,256.4,377.6,4.23,68.4,3.6,8.5,9.6,11.8,7.8,13.9,5.1,6.9,7.7,10.2,15,15
2011,24 Västerbottens län,Norra Norrland,Unprotected,107,229.8,239.6,342.1,277.1,459.9,330.3,268.3,247.8,211.5,203.9,3.73,61.2,3.7,7.9,8.2,11.7,9.5,15.8,11.3,9.2,8.5,7.3,7,7
2011,25 Norrbottens län,Norra Norrland,Unprotected,84.3,208.4,236.3,293,350.5,649.3,425.3,309,200.8,225.4,317.9,2.93,64.6,2.6,6.3,7.2,8.9,10.6,19.7,12.9,9.4,6.1,6.8,9.6,9.6
2012,01 Stockholms län,Svealand,Unprotected,18.1,17.8,21.2,29.8,39.3,44.7,36.7,29.7,25.1,11.9,13.3,7.11,56.7,6.3,6.2,7.4,10.4,13.7,15.5,12.8,10.3,8.7,4.1,4.6,17.4
2012,03 Uppsala län,Svealand,Unprotected,23.4,38.4,49.7,48,51.4,90.3,59.4,54.4,33.4,15.2,11.8,6.66,52.4,4.9,8.1,10.5,10.1,10.8,19,12.5,11.4,7,3.2,2.5,5.7
2012,04 Södermanlands län,Svealand,Unprotected,13.9,25.7,29.4,33.7,39.5,82.7,60.9,33.3,19.1,7.3,4.4,7.72,51.2,4,7.3,8.4,9.6,11.3,23.6,17.4,9.5,5.5,2.1,1.3,8.9
2012,05 Östergötlands län,Svealand,Unprotected,21.7,48.1,59.8,71.5,85.9,148.2,67.1,56.9,34.3,13.9,7.9,7.96,48.6,3.5,7.8,9.7,11.6,14,24.1,10.9,9.2,5.6,2.3,1.3,9.2
2012,06 Jönköpings län,Götaland,Unprotected,30,77.3,69.7,71.3,69.8,117.7,83.5,82.8,50.6,18,16.4,7.15,51.3,4.4,11.3,10.1,10.4,10.2,17.1,12.2,12.1,7.4,2.6,2.4,12.4
2012,07 Kronobergs län,Götaland,Unprotected,24.2,126,71.4,51.6,91.7,100.1,70.6,63.4,38,7.6,1.9,6.36,42.2,3.7,19.5,11,8,14.2,15.5,10.9,9.8,5.9,1.2,0.3,1.5
2012,08 Kalmar län,Götaland,Unprotected,37,58.9,65.7,80.3,79.8,129.9,93.3,78.3,51.5,23.4,8.4,7.22,51.1,5.2,8.3,9.3,11.4,11.3,18.4,13.2,11.1,7.3,3.3,1.2,11.8
2012,09 Gotlands län,Götaland,Unprotected,10.2,2.8,7.3,16.8,10.1,9,15.9,10.6,12.7,8.1,16.6,4.17,69.5,8.5,2.3,6.1,14,8.4,7.5,13.2,8.8,10.6,6.7,13.8,13.8
2012,10 Blekinge län,Götaland,Unprotected,5.7,22,19.2,15.6,20.2,26.2,28.9,24.3,6.3,2.2,0.5,8.34,47.1,3.3,12.9,11.2,9.1,11.8,15.3,16.9,14.2,3.7,1.3,0.3,5.3
2012,12 Skåne län,Götaland,Unprotected,24,41.5,38.3,29.8,38.3,78.6,63.2,37.3,16.4,11.2,2.9,8.24,47.9,6.3,10.9,10,7.8,10,20.6,16.6,9.8,4.3,2.9,0.8,8
2012,13 Hallands län,Götaland,Unprotected,10.1,37.3,18.1,21.8,29.7,65.2,60.3,33.4,12.2,5.5,1.5,8.3,50.2,3.4,12.6,6.1,7.4,10.1,22.1,20.4,11.3,4.1,1.9,0.5,6.5
2012,14 Västra Götalands län,Götaland,Unprotected,57.3,112.6,138.8,105.5,166.9,255.9,149.3,139.4,81.1,38.7,21.6,7.66,50.6,4.5,8.9,11,8.3,13.2,20.2,11.8,11,6.4,3.1,1.7,11.2
2012,17 Värmlands län,Svealand,Unprotected,47.3,111.5,138.9,136.3,169.6,318.5,113,80.3,69.8,41.2,37.2,6.7,48.8,3.7,8.8,11,10.8,13.4,25.2,8.9,6.4,5.5,3.3,2.9,6.2
2012,18 Örebro län,Svealand,Unprotected,28.3,61.3,63.7,67.2,71.8,120.9,66.5,35,24.9,18.4,8.8,6.74,45.4,5,10.8,11.2,11.9,12.7,21.3,11.7,6.2,4.4,3.2,1.6,4.8
2012,19 Västmanlands län,Svealand,Unprotected,20.8,33.6,41.3,34.6,23.9,56.6,31.9,25.5,17.9,10.1,3.4,6.42,45.6,6.9,11.2,13.8,11.6,8,18.9,10.7,8.5,6,3.4,1.1,4.5
2012,20 Dalarnas län,Svealand,Unprotected,79.5,156.8,181.2,240.3,250.6,268.8,125.1,112.2,115.1,144.3,185.4,4.69,59.1,4.3,8.4,9.7,12.9,13.5,14.5,6.7,6,6.2,7.8,10,10
2012,21 Gävleborgs län,Södra Norrland,Unprotected,69.1,137.6,141.6,161.1,209.4,285.3,155.4,111.7,91.7,64.6,34.4,6.01,49.9,4.7,9.4,9.7,11,14.3,19.5,10.6,7.6,6.3,4.4,2.4,6.8
2012,22 Västernorrlands län,Södra Norrland,Unprotected,95.4,116.3,176,212.9,197.8,305.8,116.8,141.3,125.7,101,77,5.92,54.1,5.7,7,10.6,12.8,11.9,18.4,7,8.5,7.5,6.1,4.6,10.7
2012,23 Jämtlands län,Södra Norrland,Unprotected,91.4,220.1,226.9,301.1,217.3,367.2,135.7,182.7,187.5,233.5,389.4,4.23,67.9,3.6,8.6,8.9,11.8,8.5,14.4,5.3,7.2,7.3,9.1,15.3,15.3
2012,24 Västerbottens län,Norra Norrland,Unprotected,109.2,234.8,237.3,314.5,283.2,468.2,345.2,282.8,233.7,213.4,207.5,3.73,61.5,3.7,8,8.1,10.7,9.7,16,11.8,9.7,8,7.3,7.1,7.1
2012,25 Norrbottens län,Norra Norrland,Unprotected,78.9,212.4,238.3,286.4,358.3,633.3,464.1,310.7,193.4,227.7,333.2,2.93,65.1,2.4,6.4,7.1,8.6,10.7,19,13.9,9.3,5.8,6.8,10,10
2013,01 Stockholms län,Svealand,Unprotected,22,17.1,24.3,23.6,43.1,51.8,34.9,32.7,24.5,8.8,15.5,7.11,56,7.4,5.7,8.2,7.9,14.5,17.4,11.7,11,8.2,3,5.2,16.4
2013,03 Uppsala län,Svealand,Unprotected,29.5,35.5,51.4,45.5,50,94.8,55.5,56.4,33.1,15.5,11.9,6.66,52.2,6.2,7.4,10.7,9.5,10.4,19.8,11.6,11.8,6.9,3.2,2.5,5.7
2013,04 Södermanlands län,Svealand,Unprotected,9.8,28.1,29.6,37.9,41,77.6,59.8,35,19,8,4.9,7.72,51.5,2.8,8,8.4,10.8,11.7,22.1,17.1,10,5.4,2.3,1.4,9.1
2013,05 Östergötlands län,Svealand,Unprotected,18.1,53.6,56.1,66.7,89.2,150,69.3,61.1,33.1,12,9.1,7.96,49,2.9,8.7,9.1,10.8,14.4,24.3,11.2,9.9,5.4,1.9,1.5,8.8
2013,06 Jönköpings län,Götaland,Unprotected,30.1,78,64.4,75.4,68.7,125.4,83.6,81.1,48.9,16.9,15.2,7.15,50.8,4.4,11.3,9.4,11,10,18.2,12.2,11.8,7.1,2.5,2.2,11.8
2013,07 Kronobergs län,Götaland,Unprotected,23.3,125.2,77.2,53.6,91.6,109,68.4,65.4,35.8,8.6,2.1,6.36,42.1,3.5,19,11.7,8.1,13.9,16.5,10.4,9.9,5.4,1.3,0.3,1.6
2013,08 Kalmar län,Götaland,Unprotected,33.7,59.3,69.5,71.3,85.8,138.9,85.1,80.2,48.9,27.9,10.7,7.22,51.8,4.7,8.3,9.8,10,12.1,19.5,12,11.3,6.9,3.9,1.5,12.3
2013,09 Gotlands län,Götaland,Unprotected,11.6,3.3,6.4,15.7,9.3,11.1,9.5,11.4,12.6,9.5,16.4,4.17,69.9,9.9,2.8,5.5,13.5,8,9.5,8.1,9.8,10.8,8.1,14.1,14.1
2013,10 Blekinge län,Götaland,Unprotected,4.9,25,19.8,13.3,21.9,31.1,27.2,25.2,6.6,2.4,0.7,8.34,47.1,2.8,14,11.1,7.5,12.3,17.5,15.3,14.2,3.7,1.3,0.4,5.4
2013,12 Skåne län,Götaland,Unprotected,25.1,42.9,39.7,33.4,36.9,81,65,34.5,14.6,11.8,3.4,8.24,47.1,6.5,11,10.2,8.6,9.5,20.9,16.7,8.9,3.8,3,0.9,7.7
2013,13 Hallands län,Götaland,Unprotected,10,43.8,19.6,21.1,29.6,67.7,59.5,29.1,11.9,3.8,1.8,8.3,48.1,3.4,14.7,6.6,7.1,9.9,22.7,20,9.8,4,1.3,0.6,5.9
2013,14 Västra Götalands län,Götaland,Unprotected,62.8,112.3,129.7,111.9,156.1,269.1,150.2,133.6,84.9,40.7,22.5,7.66,50.8,4.9,8.8,10.2,8.8,12.3,21.1,11.8,10.5,6.7,3.2,1.8,11.7
2013,17 Värmlands län,Svealand,Unprotected,51,108.1,135.1,132.4,171.5,332.6,118,77.9,72.7,47.6,38.2,6.7,49.6,4,8.4,10.5,10.3,13.3,25.9,9.2,6.1,5.7,3.7,3,6.7
2013,18 Örebro län,Svealand,Unprotected,30.1,61.3,59.3,59.7,75.7,127.8,62,34.3,22.1,16.3,8.8,6.74,44.9,5.4,11,10.6,10.7,13.6,22.9,11.1,6.2,4,2.9,1.6,4.5
2013,19 Västmanlands län,Svealand,Unprotected,16.2,36.1,43.5,35,26.4,64.3,29.2,27.3,18.4,11.7,3.4,6.42,46.2,5.2,11.6,14,11.2,8.5,20.6,9.4,8.8,5.9,3.8,1.1,4.9
2013,20 Dalarnas län,Svealand,Unprotected,82.2,159.4,178,227.1,263.5,286,127.4,105.2,105.1,135,185.3,4.69,58.2,4.4,8.6,9.6,12.2,14.2,15.4,6.9,5.7,5.7,7.3,10,10
2013,21 Gävleborgs län,Södra Norrland,Unprotected,75,128.2,160.4,156,209.4,298.7,163.6,110.4,97,63.5,37.9,6.01,50.1,5,8.5,10.7,10.4,14,19.9,10.9,7.4,6.5,4.2,2.5,6.7
2013,22 Västernorrlands län,Södra Norrland,Unprotected,102,127.2,166.5,201.7,218,320.4,116.2,137.3,121.9,97,71.8,5.92,53,6.1,7.6,9.9,12,13,19.1,6.9,8.2,7.3,5.8,4.3,10.1
2013,23 Jämtlands län,Södra Norrland,Unprotected,103.7,211.1,229.5,312.8,245.6,372,140.6,190.7,194,238.1,366.8,4.23,66.7,4,8.1,8.8,12,9.4,14.3,5.4,7.3,7.4,9.1,14.1,14.1
2013,24 Västerbottens län,Norra Norrland,Unprotected,120.3,232.8,224.2,313.4,293,471,353.7,294.2,231.2,199.8,211.2,3.73,61.3,4.1,7.9,7.6,10.6,9.9,16,12,10,7.9,6.8,7.2,7.2
2013,25 Norrbottens län,Norra Norrland,Unprotected,89.7,207.7,248.5,261.9,377.6,640,477.3,314.6,195.3,222.7,346.6,2.93,65.3,2.7,6.1,7.3,7.7,11.2,18.9,14.1,9.3,5.8,6.6,10.2,10.2
2014,01 Stockholms län,Svealand,Unprotected,22.1,14.5,24.4,22.5,43.3,55.8,30.9,40.3,20.9,8.6,15,7.11,56.2,7.4,4.9,8.2,7.5,14.5,18.7,10.4,13.5,7,2.9,5,14.9
2014,03 Uppsala län,Svealand,Unprotected,29.3,34.2,50.8,44.3,54.6,92.9,57.6,55.7,36.5,16.3,10.4,6.66,52.5,6.1,7.1,10.5,9.2,11.3,19.2,11.9,11.5,7.6,3.4,2.2,5.6
2014,04 Södermanlands län,Svealand,Unprotected,9.5,28.7,30.3,37.8,37.5,78.2,60.5,33.5,19.4,8.3,4.6,7.72,51.5,2.7,8.2,8.7,10.9,10.8,22.5,17.4,9.6,5.6,2.4,1.3,9.3
2014,05 Östergötlands län,Svealand,Unprotected,19.7,58,52.4,63,88.1,150.6,61.7,53.9,32.3,15.1,8.5,7.96,48.4,3.3,9.6,8.7,10.4,14.6,25,10.2,8.9,5.4,2.5,1.4,9.3
2014,06 Jönköpings län,Götaland,Unprotected,26.4,79.5,65.7,76.7,74.3,128.3,84,79.7,47.3,16.4,15.2,7.15,50.4,3.8,11.5,9.5,11.1,10.7,18.5,12.1,11.5,6.8,2.4,2.2,11.4
2014,07 Kronobergs län,Götaland,Unprotected,24.9,124.3,82.8,49.2,85.5,113.4,68.9,63,34.5,9,2,6.36,41.8,3.8,18.9,12.6,7.5,13,17.2,10.5,9.6,5.2,1.4,0.3,1.7
2014,08 Kalmar län,Götaland,Unprotected,33.1,62.4,65.2,74.7,77.4,139.6,85.5,77.5,53.1,28.4,13.9,7.22,52.7,4.7,8.8,9.2,10.5,10.9,19.6,12,10.9,7.5,4,2,13.5
2014,09 Gotlands län,Götaland,Unprotected,11.2,4.1,6.5,15.5,10.5,14.6,10.9,12.8,12.9,9,13,4.17,66.7,9.3,3.4,5.4,12.8,8.7,12.1,9,10.6,10.7,7.5,10.8,10.8
2014,10 Blekinge län,Götaland,Unprotected,6.5,28.2,17.4,16.2,22.7,35.5,28.5,26.3,7,2.4,0.7,8.34,46.6,3.4,14.7,9.1,8.5,11.9,18.5,14.9,13.7,3.7,1.3,0.4,5.4
2014,12 Skåne län,Götaland,Unprotected,26.1,42.5,41.9,35.9,40.4,83.7,64,37.7,14,11.7,3.4,8.24,46.8,6.5,10.6,10.4,8.9,10.1,20.9,15.9,9.4,3.5,2.9,0.8,7.2
2014,13 Hallands län,Götaland,Unprotected,10.5,40.1,23.2,22.2,27.6,61.6,54,30.3,11.9,4.3,1.8,8.3,48,3.7,13.9,8.1,7.7,9.6,21.4,18.8,10.5,4.1,1.5,0.6,6.2
2014,14 Västra Götalands län,Götaland,Unprotected,62.2,115.1,126.6,114.5,147.4,269.1,150.8,131.4,84.6,37,26,7.66,50.9,4.9,9.1,10,9.1,11.7,21.3,11.9,10.4,6.7,2.9,2.1,11.7
2014,17 Värmlands län,Svealand,Unprotected,52.8,109.9,127,139.3,170.9,328.6,124.2,77.5,67.2,50.2,40.3,6.7,49.7,4.1,8.5,9.9,10.8,13.3,25.5,9.6,6,5.2,3.9,3.1,7
2014,18 Örebro län,Svealand,Unprotected,26.3,54.1,58.9,62.5,76.4,130.7,60.8,37.7,21.6,16.6,9.2,6.74,46,4.7,9.8,10.6,11.3,13.8,23.6,11,6.8,3.9,3,1.7,4.7
2014,19 Västmanlands län,Svealand,Unprotected,19.8,36.5,42.3,39.9,27.3,60.9,29.4,25.4,17.4,12.3,3.6,6.42,45.1,6.3,11.6,13.4,12.7,8.7,19.3,9.3,8.1,5.5,3.9,1.1,5
2014,20 Dalarnas län,Svealand,Unprotected,82.1,155.1,182.5,224.5,280,295.4,127,99.3,100.2,131.5,192.2,4.69,58,4.4,8.3,9.8,12,15,15.8,6.8,5.3,5.4,7,10.3,10.3
2014,21 Gävleborgs län,Södra Norrland,Unprotected,79.3,131.7,159.8,150.5,198.8,300.3,157.8,108.9,92.1,63,40.9,6.01,50,5.3,8.9,10.8,10.1,13.4,20.2,10.6,7.3,6.2,4.2,2.8,7
2014,22 Västernorrlands län,Södra Norrland,Unprotected,102.1,131.9,161.5,197.5,215,323.5,121.3,133.3,115.7,96.5,71.8,5.92,52.8,6.1,7.9,9.7,11.8,12.9,19.4,7.3,8,6.9,5.8,4.3,10.1
2014,23 Jämtlands län,Södra Norrland,Unprotected,106.6,213.2,226.4,305.9,266.4,363.7,138,179.2,194.9,244.4,356.9,4.23,66.3,4.1,8.2,8.7,11.8,10.3,14,5.3,6.9,7.5,9.4,13.8,13.8
2014,24 Västerbottens län,Norra Norrland,Unprotected,120.6,242.8,221.8,322.7,321.4,502.4,372.6,303.3,240.5,215.3,224.4,3.73,61.7,3.9,7.9,7.2,10.5,10.4,16.3,12.1,9.8,7.8,7,7.3,7.3
2014,25 Norrbottens län,Norra Norrland,Unprotected,102.4,204.9,242.6,249.3,384.6,623.9,477,337.7,199.8,225.3,338.3,2.93,65.4,3,6.1,7.2,7.4,11.4,18.4,14.1,10,5.9,6.7,10,10
2015,01 Stockholms län,Svealand,Unprotected,18.9,12.7,21.9,20.6,38.8,58.2,32.3,40.8,20,8.2,15.1,7.11,57.9,6.6,4.4,7.6,7.2,13.5,20.3,11.2,14.2,7,2.9,5.3,15.2
2015,03 Uppsala län,Svealand,Unprotected,29.3,34.2,44.3,48.1,53.2,95.5,56.6,55,35.9,14.3,12.1,6.66,52.7,6.1,7.1,9.3,10.1,11.1,20,11.8,11.5,7.5,3,2.5,5.5
2015,04 Södermanlands län,Svealand,Unprotected,14.1,27.3,30.6,38,36.1,73.7,60.4,29.8,17.7,6.4,5.3,7.72,50,4.2,8,9,11.2,10.6,21.7,17.8,8.8,5.2,1.9,1.6,8.7
2015,05 Östergötlands län,Svealand,Unprotected,21.6,60.4,49.4,59,82.8,153.4,62.6,51.7,31.5,14.3,8.6,7.96,48.3,3.6,10.1,8.3,9.9,13.9,25.8,10.5,8.7,5.3,2.4,1.4,9.1
2015,06 Jönköpings län,Götaland,Unprotected,27.7,79.4,66.4,81.3,78.1,129.8,85.6,67.5,45.6,18.1,14.6,7.15,49.4,4,11.4,9.6,11.7,11.3,18.7,12.3,9.7,6.6,2.6,2.1,11.3
2015,07 Kronobergs län,Götaland,Unprotected,27.2,106.4,96.5,58.8,81.8,114.6,66.5,60.3,31.9,9.3,1.9,6.36,41.4,4.2,16.2,14.7,9,12.5,17.5,10.1,9.2,4.9,1.4,0.3,1.7
2015,08 Kalmar län,Götaland,Unprotected,29,61,67.1,74.2,80.1,146.8,80.6,82.3,54,30.4,16.2,7.22,53.6,4,8.5,9.3,10.3,11.1,20.3,11.2,11.4,7.5,4.2,2.2,13.9
2015,09 Gotlands län,Götaland,Unprotected,10.1,4.1,7,12,12.6,15.7,10.3,9.7,11.6,9.1,13.5,4.17,66.9,8.7,3.5,6.1,10.4,10.9,13.6,8.9,8.4,10,7.9,11.7,11.7
2015,10 Blekinge län,Götaland,Unprotected,6.6,24.7,19.8,17.8,25.2,36.2,23.9,25.1,7.8,3.4,0.7,8.34,46.5,3.5,12.9,10.4,9.3,13.2,18.9,12.5,13.1,4.1,1.8,0.4,6.3
2015,12 Skåne län,Götaland,Unprotected,27.1,42,41.6,36.8,37.5,83.2,58.1,42.4,14.4,12.8,4.8,8.24,47.6,6.8,10.5,10.4,9.2,9.4,20.8,14.5,10.6,3.6,3.2,1.2,8
2015,13 Hallands län,Götaland,Unprotected,9.6,34.5,26.3,26.1,25.5,60.2,50.1,30.3,14,5.4,2.1,8.3,49,3.4,12.1,9.3,9.2,9,21.2,17.6,10.7,4.9,1.9,0.7,7.5
2015,14 Västra Götalands län,Götaland,Unprotected,59.1,117.2,122.2,112.5,148.2,272.7,145.6,135.1,79.3,35.4,25.5,7.66,50.7,4.7,9.4,9.8,9,11.8,21.8,11.6,10.8,6.3,2.8,2,11.1
2015,17 Värmlands län,Svealand,Unprotected,47.8,112,129.2,142.2,162.8,316.4,144.3,69.8,70,51.1,37.8,6.7,49.8,3.7,8.7,10.1,11.1,12.7,24.7,11.2,5.4,5.5,4,2.9,6.9
2015,18 Örebro län,Svealand,Unprotected,24.8,53.1,61.2,63.8,77.6,140.5,52.1,38.3,20.9,16.6,8.2,6.74,45.4,4.5,9.5,11,11.5,13.9,25.2,9.4,6.9,3.8,3,1.5,4.5
2015,19 Västmanlands län,Svealand,Unprotected,25.4,35.6,39.5,41.1,29.1,60.3,34.1,23.5,15.1,12.7,3.4,6.42,44.3,7.9,11.1,12.4,12.9,9.1,18.9,10.7,7.3,4.7,4,1.1,5.1
2015,20 Dalarnas län,Svealand,Unprotected,84.1,153.5,174.7,228.9,256.5,308.8,130.5,98.1,104.8,126.2,201,4.69,58.7,4.5,8.2,9.4,12.3,13.7,16.5,7,5.3,5.6,6.8,10.8,10.8
2015,21 Gävleborgs län,Södra Norrland,Unprotected,77,135.2,149.9,162.6,187.4,295.4,165.3,102.5,87,66.1,41.8,6.01,50,5.2,9.2,10.2,11.1,12.7,20.1,11.2,7,5.9,4.5,2.8,7.3
2015,22 Västernorrlands län,Södra Norrland,Unprotected,98,137.6,150.2,194.7,195.5,339.6,120.5,126,103,95.5,78.8,5.92,53.1,6,8.4,9.2,11.9,11.9,20.7,7.4,7.7,6.3,5.8,4.8,10.6
2015,23 Jämtlands län,Södra Norrland,Unprotected,101.9,191.9,224.6,291.4,282.5,364.9,141.5,161.9,182.1,237.2,374.7,4.23,67.1,4,7.5,8.8,11.4,11.1,14.3,5.5,6.3,7.1,9.3,14.7,14.7
2015,24 Västerbottens län,Norra Norrland,Unprotected,112.9,245.6,226.1,286.2,344,514.4,373.7,294.6,236.6,222.9,233.8,3.73,62.2,3.7,7.9,7.3,9.3,11.1,16.6,12.1,9.5,7.7,7.2,7.6,7.6
2015,25 Norrbottens län,Norra Norrland,Unprotected,100,212.7,236.4,224,379.3,669,492.7,348,193.9,233.3,317.1,2.93,65.2,2.9,6.2,6.9,6.6,11.1,19.6,14.5,10.2,5.7,6.8,9.3,9.3
2016,01 Stockholms län,Svealand,Unprotected,18.4,10.8,24.2,18,42.1,62.4,35,41.8,21.9,10.6,15.3,7.11,59.1,6.1,3.6,8.1,6,14,20.8,11.6,13.9,7.3,3.5,5.1,15.9
2016,03 Uppsala län,Svealand,Unprotected,30,35.1,40.5,49.6,55.3,91.5,59.9,51.7,36.9,12.3,10.2,6.66,51.9,6.3,7.4,8.6,10.5,11.7,19.3,12.7,10.9,7.8,2.6,2.2,4.8
2016,04 Södermanlands län,Svealand,Unprotected,13.9,29.6,29.8,38.8,33.3,71.1,61,33.4,18.4,5.8,6.4,7.72,50.6,4.1,8.7,8.7,11.4,9.7,20.8,17.9,9.8,5.4,1.7,1.9,9
2016,05 Östergötlands län,Svealand,Unprotected,24.8,59.1,54.2,61.1,78.4,160.6,65.9,50,32.2,14.6,10,7.96,48.2,4.1,9.7,8.9,10,12.8,26.3,10.8,8.2,5.3,2.4,1.6,9.3
2016,06 Jönköpings län,Götaland,Unprotected,26.7,73.9,70.9,80.3,71,131.2,84.2,64.3,48.8,21.4,16.5,7.15,50.5,3.9,10.7,10.3,11.6,10.3,19,12.2,9.3,7.1,3.1,2.4,12.6
2016,07 Kronobergs län,Götaland,Unprotected,27.1,87.5,104.8,67.1,76.8,121.5,65.8,61.9,28.7,7.8,3.2,6.36,41.8,4.2,13.4,16.1,10.3,11.8,18.6,10.1,9.5,4.4,1.2,0.5,1.7
2016,08 Kalmar län,Götaland,Unprotected,26.7,54.3,69.9,68.1,80.9,147.4,85.4,80.6,53,32.2,15.3,7.22,54.3,3.7,7.6,9.8,9.5,11.3,20.7,12,11.3,7.4,4.5,2.1,14
2016,09 Gotlands län,Götaland,Unprotected,9.1,3.1,7.7,8.4,14.3,17.1,9.5,9.7,11.9,8.2,14.7,4.17,68.8,8,2.7,6.8,7.4,12.6,15.1,8.4,8.5,10.5,7.2,12.9,12.9
2016,10 Blekinge län,Götaland,Unprotected,6.8,22.9,20.2,15.3,26.8,38.7,24.6,25,9.1,4.4,1.4,8.34,48.3,3.5,11.7,10.3,7.8,13.7,19.8,12.6,12.8,4.7,2.3,0.7,7.7
2016,12 Skåne län,Götaland,Unprotected,29.8,42.2,39.4,36.4,35.7,83.2,56.9,40.3,13.8,12.1,5.4,8.24,47.1,7.5,10.7,10,9.2,9,21,14.4,10.2,3.5,3.1,1.4,8
2016,13 Hallands län,Götaland,Unprotected,11.1,31.1,26.3,26.4,26,61.4,48.2,32.3,14.7,5.9,1.7,8.3,49.5,3.9,10.9,9.2,9.3,9.1,21.5,16.9,11.3,5.2,2.1,0.6,7.9
2016,14 Västra Götalands län,Götaland,Unprotected,63.4,116.3,120.3,122.2,136.7,271.4,145.1,134.3,81.6,36.7,27,7.66,50.9,5.1,9.3,9.6,9.7,10.9,21.6,11.6,10.7,6.5,2.9,2.2,11.6
2016,17 Värmlands län,Svealand,Unprotected,49.5,103.3,120.3,138.5,170,327.5,155.5,69.3,69.2,56,41,6.7,51,3.8,7.9,9.3,10.7,13.1,25.2,12,5.3,5.3,4.3,3.2,7.5
2016,18 Örebro län,Svealand,Unprotected,30.9,51.6,60.5,63.3,78.6,150.9,51.9,38.1,18.8,17,9.6,6.74,45.2,5.4,9,10.6,11.1,13.8,26.4,9.1,6.7,3.3,3,1.7,4.7
2016,19 Västmanlands län,Svealand,Unprotected,25.1,31.7,40.1,44.8,33.1,58.6,33.6,23.5,13.5,10.8,2.7,6.42,43.2,7.9,10,12.6,14.1,10.4,18.5,10.6,7.4,4.3,3.4,0.9,4.3
2016,20 Dalarnas län,Svealand,Unprotected,85.5,152.3,162.1,237.1,253.3,324.6,137.1,95.9,103.4,127.8,204.8,4.69,59,4.5,8.1,8.6,12.6,13.4,17.2,7.3,5.1,5.5,6.8,10.9,10.9
2016,21 Gävleborgs län,Södra Norrland,Unprotected,68.9,145.4,145.3,169.4,185,291.7,164.5,92.4,82.9,69.8,44.1,6.01,49.9,4.7,10,10,11.6,12.7,20,11.3,6.3,5.7,4.8,3,7.8
2016,22 Västernorrlands län,Södra Norrland,Unprotected,101.5,156.5,149.6,206.7,200.2,326.4,127.9,111.7,97.6,87.2,75.8,5.92,51.2,6.2,9.5,9.1,12.6,12.2,19.9,7.8,6.8,5.9,5.3,4.6,9.9
2016,23 Jämtlands län,Södra Norrland,Unprotected,94.4,202.2,221.2,284.9,300.9,364.5,145.2,158.5,171.2,231.9,378.1,4.23,66.7,3.7,7.9,8.7,11.2,11.8,14.3,5.7,6.2,6.7,9.1,14.8,14.8
2016,24 Västerbottens län,Norra Norrland,Unprotected,115.4,238.3,232.9,282.6,344.6,549.4,383.5,288.1,224.8,221,242.2,3.73,62.1,3.7,7.6,7.5,9,11,17.6,12.3,9.2,7.2,7.1,7.8,7.8
2016,25 Norrbottens län,Norra Norrland,Unprotected,109.8,220.5,228.1,215.4,384.7,673.6,476.7,341.6,194.3,219.9,321.8,2.93,64.8,3.2,6.5,6.7,6.4,11.4,19.9,14.1,10.1,5.7,6.5,9.5,9.5
2017,01 Stockholms län,Svealand,Unprotected,17.8,11.7,24.9,21.2,40.8,58.7,37.8,39.2,23.5,10.2,16.3,7.11,59.1,5.9,3.9,8.2,7,13.5,19.4,12.5,13,7.8,3.4,5.4,16.6
2017,03 Uppsala län,Svealand,Unprotected,29.8,37.3,42.1,49.6,59.4,93.5,60.3,48.1,35.9,13,10.1,6.66,51.2,6.2,7.8,8.8,10.4,12.4,19.5,12.6,10,7.5,2.7,2.1,4.8
2017,04 Södermanlands län,Svealand,Unprotected,18.4,29.5,28.4,36.4,33,72.2,60.4,30.4,16.8,6.1,6.3,7.72,49.7,5.4,8.7,8.4,10.8,9.8,21.4,17.9,9,5,1.8,1.9,8.7
2017,05 Östergötlands län,Svealand,Unprotected,28.2,56.7,51.4,64.9,76.5,156,67.3,50.5,29.7,14.5,10,7.96,48,4.7,9.4,8.5,10.7,12.6,25.8,11.1,8.3,4.9,2.4,1.7,9
2017,06 Jönköpings län,Götaland,Unprotected,23.8,71.9,77.3,83.2,73.2,134.9,86.2,64.8,54.1,24.2,16.6,7.15,51.2,3.4,10.1,10.9,11.7,10.3,19,12.1,9.1,7.6,3.4,2.3,13.3
2017,07 Kronobergs län,Götaland,Unprotected,28.6,83,115.5,71.8,68.5,119.2,69,58.2,28.1,9.1,4.9,6.36,41.8,4.4,12.7,17.6,11,10.4,18.2,10.5,8.9,4.3,1.4,0.7,2.1
2017,08 Kalmar län,Götaland,Unprotected,28.8,52.4,72.9,69.3,86.5,144.8,85.3,77.2,52,32.8,14.7,7.22,53.7,4,7.3,10.2,9.7,12.1,20.2,11.9,10.8,7.3,4.6,2.1,14
2017,09 Gotlands län,Götaland,Unprotected,8.9,3.4,7.3,7.8,14.7,18,9.3,8.9,11.5,7.5,14.6,4.17,68.1,8,3,6.5,7,13.1,16.1,8.3,8,10.3,6.7,13.1,13.1
2017,10 Blekinge län,Götaland,Unprotected,7.1,20.6,20.1,14.6,27.9,41.1,27.1,21.4,10,3.7,1.3,8.34,48.2,3.6,10.6,10.3,7.5,14.3,21.1,13.9,11,5.1,1.9,0.7,7.7
2017,12 Skåne län,Götaland,Unprotected,27.4,42.6,40,36.5,38.2,83.7,53.7,37.6,13.6,12.5,4.7,8.24,46.6,7,10.9,10.2,9.3,9.8,21.4,13.8,9.6,3.5,3.2,1.2,7.9
2017,13 Hallands län,Götaland,Unprotected,11.2,24.9,32,25.9,25.3,61.4,45.6,32.9,14.5,5.5,1.2,8.3,49.4,4,8.9,11.4,9.2,9,21.9,16.3,11.7,5.2,2,0.4,7.6
2017,14 Västra Götalands län,Götaland,Unprotected,61,115.1,120,119.6,128.5,277.2,147.2,134.1,83.3,39.2,27.6,7.66,51.5,4.9,9.2,9.6,9.5,10.3,22.1,11.7,10.7,6.6,3.1,2.2,11.9
2017,17 Värmlands län,Svealand,Unprotected,49.5,102.3,119.1,138.2,165.4,329,169.1,70.7,64.7,50.2,48.8,6.7,51.4,3.8,7.8,9.1,10.6,12.7,25.2,12.9,5.4,5,3.8,3.7,7.5
2017,18 Örebro län,Svealand,Unprotected,31.5,54.3,67,60.9,75,154.7,55.9,38.4,15.1,17.5,7.5,6.74,44.3,5.5,9.4,11.6,10.5,13,26.8,9.7,6.6,2.6,3,1.3,4.3
2017,19 Västmanlands län,Svealand,Unprotected,25.2,30.8,37.1,42.4,38.8,59,32.6,21.7,12.5,8.9,1.9,6.42,42.2,8.1,9.9,11.9,13.6,12.5,19,10.5,7,4,2.9,0.6,3.5
2017,20 Dalarnas län,Svealand,Unprotected,83.6,160.1,166.6,235,238.9,333.9,139.6,91.4,94.9,118.9,208,4.69,58.4,4.5,8.6,8.9,12.6,12.8,17.8,7.5,4.9,5.1,6.4,11.1,11.1
2017,21 Gävleborgs län,Södra Norrland,Unprotected,70.8,140.9,147.4,164.9,180,294.4,171,93.8,77.5,73,49.4,6.01,50.5,4.8,9.6,10.1,11.3,12.3,20.1,11.7,6.4,5.3,5,3.4,8.4
2017,22 Västernorrlands län,Södra Norrland,Unprotected,95.2,151.1,149.6,185.1,217.3,316.8,143.7,94,105.4,91,76.5,5.92,52,5.9,9.3,9.2,11.4,13.4,19.5,8.8,5.8,6.5,5.6,4.7,10.3
2017,23 Jämtlands län,Södra Norrland,Unprotected,96.5,201.3,204.6,279.6,305.8,368,153.5,146,163.8,239.2,388.3,4.23,67.3,3.8,7.9,8,11,12,14.5,6,5.7,6.4,9.4,15.2,15.2
2017,24 Västerbottens län,Norra Norrland,Unprotected,110.2,243,218.1,287.4,359.1,538,385.4,281.7,223.1,213.2,260.6,3.73,62.4,3.5,7.8,7,9.2,11.5,17.2,12.4,9,7.2,6.8,8.4,8.4
2017,25 Norrbottens län,Norra Norrland,Unprotected,106.3,213.3,229,220.5,358.2,663.6,493.9,340.3,211.3,213.5,331.3,2.93,65.5,3.1,6.3,6.8,6.5,10.6,19.6,14.6,10.1,6.2,6.3,9.8,9.8
2018,01 Stockholms län,Svealand,Unprotected,13.9,14.1,18.8,24.5,34.6,61.7,38.9,37.7,22.1,11.2,16.3,7.11,60.3,4.7,4.8,6.4,8.3,11.8,21,13.2,12.8,7.5,3.8,5.5,16.8
2018,03 Uppsala län,Svealand,Unprotected,24.6,48.1,37.3,52.5,58,91.3,66.2,48.1,33.5,13,12,6.66,51.3,5.1,9.9,7.7,10.8,12,18.8,13.7,9.9,6.9,2.7,2.5,5.2
2018,04 Södermanlands län,Svealand,Unprotected,21.2,28.8,27,29.3,33.4,72.1,59.8,34.1,15.5,6.7,6,7.72,50.2,6.3,8.6,8.1,8.8,10,21.6,17.9,10.2,4.6,2,1.8,8.4
2018,05 Östergötlands län,Svealand,Unprotected,30.5,50.7,51.7,63.7,75.6,159.2,70.1,50.3,30.3,14.7,9.8,7.96,48.4,5,8.4,8.5,10.5,12.5,26.2,11.6,8.3,5,2.4,1.6,9
2018,06 Jönköpings län,Götaland,Unprotected,22.9,71.1,86.5,73.7,80.8,127,86.5,66.1,53.3,26.1,16.7,7.15,51.3,3.2,10,12.2,10.4,11.4,17.9,12.2,9.3,7.5,3.7,2.3,13.5
2018,07 Kronobergs län,Götaland,Unprotected,29.3,73,122.5,72.7,58.9,122.8,69.6,57.3,28.6,9.5,6,6.36,42.3,4.5,11.2,18.8,11.2,9.1,18.9,10.7,8.8,4.4,1.5,0.9,2.4
2018,08 Kalmar län,Götaland,Unprotected,33.9,55.8,74.4,71.7,84.9,142.8,80.3,80.8,53.6,26.5,18,7.22,52.9,4.7,7.7,10.3,9.9,11.7,19.8,11.1,11.2,7.4,3.7,2.5,13.6
2018,09 Gotlands län,Götaland,Unprotected,6,4,6.9,6.8,14.3,15.2,11.5,8.2,12.8,8.5,14.1,4.17,71.3,5.5,3.7,6.4,6.3,13.2,14,10.6,7.6,11.8,7.8,13,13
2018,10 Blekinge län,Götaland,Unprotected,8.1,16.6,19.3,14.8,24.4,37.6,31.6,21.4,10.7,4.6,2.3,8.34,50.9,4.2,8.7,10.1,7.7,12.7,19.6,16.5,11.2,5.6,2.4,1.2,9.2
2018,12 Skåne län,Götaland,Unprotected,27.3,40.2,41.9,38.6,37,81.3,57.7,41.5,15.2,11.7,4.9,8.24,47.5,6.9,10.1,10.5,9.7,9.3,20.5,14.5,10.4,3.8,2.9,1.2,7.9
2018,13 Hallands län,Götaland,Unprotected,13.7,18.4,35.6,26.2,23.6,61.9,43.6,33.6,14.9,6.1,1,8.3,49.7,4.9,6.6,12.8,9.4,8.5,22.2,15.6,12.1,5.3,2.2,0.4,7.9
2018,14 Västra Götalands län,Götaland,Unprotected,59.5,107.8,121.7,128.9,117.1,282.6,143.4,128.1,81.8,42.5,26.5,7.66,51.5,4.8,8.7,9.8,10.4,9.4,22.8,11.6,10.3,6.6,3.4,2.1,12.1
2018,17 Värmlands län,Svealand,Unprotected,46.9,113.6,119.7,125.5,169.1,321.7,170.1,74.4,62.3,44.3,51,6.7,51.1,3.6,8.7,9.2,9.7,13,24.8,13.1,5.7,4.8,3.4,3.9,7.3
2018,18 Örebro län,Svealand,Unprotected,28.3,51.9,70.4,63,72.4,157,56.3,39.4,17.9,16.8,5.5,6.74,44.5,4.9,9,12.2,10.9,12.5,27.1,9.7,6.8,3.1,2.9,0.9,3.8
2018,19 Västmanlands län,Svealand,Unprotected,25.3,28.3,43.9,36.2,40.4,54.9,29.2,21.6,12.5,7.2,3.1,6.42,41.7,8.4,9.3,14.5,12,13.3,18.1,9.6,7.1,4.1,2.4,1,3.4
2018,20 Dalarnas län,Svealand,Unprotected,80.8,157.8,173.3,224.6,247.6,334.5,145.4,81.9,91.3,120.7,210.2,4.69,58.5,4.3,8.4,9.3,12,13.3,17.9,7.8,4.4,4.9,6.5,11.3,11.3
2018,21 Gävleborgs län,Södra Norrland,Unprotected,78.1,144.1,141.3,164.7,175.2,287.2,178.6,88.4,72.9,76.7,50,6.01,50.4,5.4,9.9,9.7,11.3,12,19.7,12.3,6.1,5,5.3,3.4,8.7
2018,22 Västernorrlands län,Södra Norrland,Unprotected,92,151.5,149.7,170,205.4,323.6,157.9,98.8,94.1,95.6,78.5,5.92,52.6,5.7,9.4,9.3,10.5,12.7,20,9.8,6.1,5.8,5.9,4.9,10.8
2018,23 Jämtlands län,Södra Norrland,Unprotected,92.9,223,202.2,255.1,305,379.6,166,142.6,158.5,239.1,390.8,4.23,67.2,3.6,8.7,7.9,10,11.9,14.9,6.5,5.6,6.2,9.4,15.3,15.3
2018,24 Västerbottens län,Norra Norrland,Unprotected,98.6,249.5,234.9,259.5,374,517.4,403.9,258.5,222.6,214.3,264.9,3.73,62.6,3.2,8.1,7.6,8.4,12.1,16.7,13,8.3,7.2,6.9,8.6,8.6
2018,25 Norrbottens län,Norra Norrland,Unprotected,105.9,216,211.5,231.8,331,646.9,507.4,328,212.3,220.1,336.3,2.93,66.2,3.2,6.5,6.3,6.9,9.9,19.3,15.2,9.8,6.3,6.6,10,10
2019,01 Stockholms län,Svealand,Unprotected,15.7,14.6,20.4,21.9,34.1,60.5,41.8,33.2,19.3,13.7,15.5,7.11,59.5,5.4,5,7,7.5,11.7,20.8,14.4,11.4,6.6,4.7,5.3,16.6
2019,03 Uppsala län,Svealand,Unprotected,28.5,48.9,43.2,50.6,56.7,89.8,64.7,47.1,34.7,14.6,13.7,6.66,51.1,5.8,9.9,8.8,10.3,11.5,18.2,13.1,9.6,7,3,2.8,5.8
2019,04 Södermanlands län,Svealand,Unprotected,27.6,24.1,27.9,36.1,33.5,67.3,59.3,32.9,14.2,4.6,6.9,7.72,48.7,8.3,7.2,8.3,10.8,10,20.1,17.7,9.8,4.2,1.4,2.1,7.7
2019,05 Östergötlands län,Svealand,Unprotected,31.6,53.8,57,66.9,73.7,159,73.8,47.7,27.2,14.3,9.6,7.96,47.3,5.1,8.8,9.3,10.9,12,25.9,12,7.8,4.4,2.3,1.6,8.3
2019,06 Jönköpings län,Götaland,Unprotected,23.1,65.6,80.4,79.6,78.1,131.1,87.6,64.1,54,31.5,17.3,7.15,52.4,3.2,9.2,11.3,11.2,11,18.4,12.3,9,7.6,4.4,2.4,14.4
2019,07 Kronobergs län,Götaland,Unprotected,27.9,62.4,127.1,80.4,55.5,126.2,64.5,57.3,28.4,12,8,6.36,43.1,4.3,9.6,19.6,12.4,8.5,19.4,9.9,8.8,4.4,1.8,1.2,3
2019,08 Kalmar län,Götaland,Unprotected,38.5,54.3,78.7,65.2,86.6,145.2,76.8,80.4,48.4,27,16.3,7.22,52,5.4,7.6,11,9.1,12.1,20.2,10.7,11.2,6.7,3.8,2.3,12.8
2019,09 Gotlands län,Götaland,Unprotected,7.2,3.1,5.9,7.6,13,15.3,12.1,7.8,12.9,7.5,15.5,4.17,72.1,6.7,2.9,5.5,7,12,14.2,11.2,7.2,12,7,14.4,14.4
2019,10 Blekinge län,Götaland,Unprotected,6.8,16,21.9,16,22.6,38.4,27,22.4,10.3,5.3,2.3,8.34,50.7,3.6,8.5,11.6,8.5,12,20.3,14.3,11.8,5.4,2.8,1.2,9.4
2019,12 Skåne län,Götaland,Unprotected,28.7,39.1,48.7,38.3,33.4,78.1,61.3,41.7,16.2,12.4,5.5,8.24,47.6,7.1,9.7,12.1,9.5,8.3,19.4,15.2,10.3,4,3.1,1.4,8.5
2019,13 Hallands län,Götaland,Unprotected,14.4,19.8,40.1,24.7,27,60.8,47.6,32.9,15,6.1,1.6,8.3,49.2,5,6.8,13.8,8.5,9.3,21,16.4,11.3,5.2,2.1,0.6,7.9
2019,14 Västra Götalands län,Götaland,Unprotected,60.3,104.9,123.7,138.7,120.8,276.8,134.8,130,78.9,47.9,28.5,7.66,51.6,4.8,8.4,9.9,11.1,9.7,22.2,10.8,10.4,6.3,3.8,2.3,12.4
2019,17 Värmlands län,Svealand,Unprotected,46,113.8,119.7,130.8,165,319.9,173.2,70.3,65.7,40.6,49.3,6.7,50.8,3.6,8.8,9.2,10.1,12.8,24.7,13.4,5.4,5.1,3.1,3.8,6.9
2019,18 Örebro län,Svealand,Unprotected,33.5,49.7,70.6,64.7,76,153.5,55.9,33.5,21.6,14.3,5.9,6.74,43.7,5.8,8.6,12.2,11.2,13.1,26.5,9.7,5.8,3.7,2.5,1,3.5
2019,19 Västmanlands län,Svealand,Unprotected,27.7,29.2,45,33.1,37.4,56.3,30,20.2,12.6,6.1,2.5,6.42,40.8,9.2,9.7,15,11,12.5,18.8,10,6.7,4.2,2,0.8,2.8
2019,20 Dalarnas län,Svealand,Unprotected,75,153.5,170.8,210.4,250.9,337,153.4,85.6,88.6,119.5,208.5,4.69,58.9,4,8.3,9.2,11.4,13.5,18.2,8.3,4.6,4.8,6.4,11.3,11.3
2019,21 Gävleborgs län,Södra Norrland,Unprotected,80.4,144.4,143.7,165.6,175.2,289.4,196.9,91.2,70.4,73.8,55,6.01,50.6,5.4,9.7,9.7,11.1,11.8,19.5,13.3,6.1,4.7,5,3.7,8.7
2019,22 Västernorrlands län,Södra Norrland,Unprotected,93.7,155.6,134.7,168.5,207,338.5,157.1,99.9,86.1,89.7,80.6,5.92,52.4,5.8,9.7,8.4,10.5,12.8,21,9.7,6.2,5.3,5.6,5,10.6
2019,23 Jämtlands län,Södra Norrland,Unprotected,101.6,219.5,214,257.7,319,387.6,174.1,133.9,153.7,232,388.7,4.23,66.2,3.9,8.5,8.3,10,12.4,15,6.7,5.2,6,9,15.1,15.1
2019,24 Västerbottens län,Norra Norrland,Unprotected,99.1,232.9,238.2,244.3,335.7,506.4,416,253,221,197.1,266.5,3.73,63,3.3,7.7,7.9,8.1,11.2,16.8,13.8,8.4,7.3,6.5,8.9,8.9
2019,25 Norrbottens län,Norra Norrland,Unprotected,114.9,205.4,209,219.4,319.7,679,514.7,327.1,223.4,208.3,341.4,2.93,66.4,3.4,6.1,6.2,6.5,9.5,20.2,15.3,9.7,6.6,6.2,10.2,10.2
2005,01 Stockholms län,Svealand,Protected,0.9,0.6,0.8,0,0,3.8,4.6,1.2,2.6,3.6,1.4,7.11,82.8,4.7,3.1,4.1,0,0,19.7,23.8,6.2,13.5,18.7,7.3,39.5
2005,03 Uppsala län,Svealand,Protected,0.7,0,0,2.3,1.4,6,2.7,1.8,3,2.1,2.9,6.66,78.8,3.1,0,0,10.1,6.1,26.3,11.8,7.9,13.2,9.2,12.7,21.9
2005,04 Södermanlands län,Svealand,Protected,2.6,0,0,0.7,0.9,1.9,1.8,0.8,0.5,1.5,0,7.72,54.8,24.1,0,0,6.5,8.3,17.6,16.7,7.4,4.6,13.9,0,18.5
2005,05 Östergötlands län,Svealand,Protected,0,0,0,0.8,0,1.3,3.4,1.2,0,1.4,0.7,7.96,82.5,0,0,0,9.2,0,14.9,39.1,13.8,0,16.1,8,24.1
2005,06 Jönköpings län,Götaland,Protected,0,0.3,0.6,1.6,1.3,0.5,1.2,1.3,0,0.8,0,7.15,56.8,0,4,8,21.3,17.3,6.7,16,17.3,0,10.7,0,10.7
2005,07 Kronobergs län,Götaland,Protected,0.4,0.8,0.7,1.6,0.6,3.4,4.9,1,2.6,0.8,0,6.36,64.4,2.4,4.8,4.2,9.6,3.6,20.5,29.5,6,15.7,4.8,0,4.8
2005,08 Kalmar län,Götaland,Protected,0,0.7,0.8,0.9,1.9,3.8,2.5,5.3,3.9,0.5,0,7.22,70.6,0,3.4,3.9,4.4,9.3,18.6,12.3,26,19.1,2.5,0,21.6
2005,09 Gotlands län,Götaland,Protected,0,0.5,1.2,0,0,0.6,1.7,0.2,3.5,1.9,6,4.17,109.5,0,3.2,7.6,0,0,3.8,10.8,1.3,22.3,12.1,38.2,38.2
2005,10 Blekinge län,Götaland,Protected,0,0.6,0.7,2.1,0.2,1.2,2.7,3.3,1,0,0.5,8.34,65.4,0,4.9,5.7,17.1,1.6,9.8,22,26.8,8.1,0,4.1,12.2
2005,12 Skåne län,Götaland,Protected,0.5,3,1.1,2.5,0.8,6.3,4,1.8,3,3.5,0,8.24,62.3,1.9,11.2,4.1,9.4,3,23.6,15,6.7,11.2,13.1,0,24.3
2005,13 Hallands län,Götaland,Protected,0.2,1,0.5,0.4,0,1.9,2.9,2.5,1.8,0,0.3,8.3,69.8,1.8,8.8,4.4,3.5,0,16.8,25.7,22.1,15.9,0,2.7,18.6
2005,14 Västra Götalands län,Götaland,Protected,0,2.8,1.4,0.8,0.6,5,8.2,8.2,4.4,3.9,1.3,7.66,77.4,0,7.7,3.8,2.2,1.6,13.7,22.5,22.5,12.1,10.7,3.6,26.4
2005,17 Värmlands län,Svealand,Protected,0.9,0.3,1.8,0.6,1.4,5.8,4.3,4.8,7.7,7.5,10.6,6.7,99.1,2,0.7,3.9,1.3,3.1,12.7,9.4,10.5,16.8,16.4,23.2,39.6
2005,18 Örebro län,Svealand,Protected,1.2,1.9,1.2,2.8,2.1,2.8,5.1,2,5.1,3.6,4,6.74,77.9,3.8,6,3.8,8.8,6.6,8.8,16,6.3,16,11.3,12.6,23.9
2005,19 Västmanlands län,Svealand,Protected,1.2,2.5,1.4,1.6,2.4,3.9,1.7,5.5,4.7,4.6,0.6,6.42,72.4,4,8.3,4.7,5.3,8,13,5.7,18.3,15.7,15.3,2,17.3
2005,20 Dalarnas län,Svealand,Protected,3.3,2.8,4.7,1.7,0.9,6.1,5.5,7.6,17,17.3,34.1,4.69,106.5,3.3,2.8,4.6,1.7,0.9,6,5.4,7.5,16.8,17.1,33.7,33.7
2005,21 Gävleborgs län,Södra Norrland,Protected,0,2,3.7,1.9,0.8,1.9,1,4.9,1.7,1.9,1.5,6.01,66,0,9.4,17.4,8.9,3.8,8.9,4.7,23,8,8.9,7,15.9
2005,22 Västernorrlands län,Södra Norrland,Protected,0,0,1,1.3,0,3,4.3,1.2,3.5,2.2,4.1,5.92,91.9,0,0,4.9,6.3,0,14.6,20.9,5.8,17,10.7,19.9,30.6
2005,23 Jämtlands län,Södra Norrland,Protected,0,1,0,0,0,1.3,1.1,3.7,12.6,27.7,90.2,4.23,138.2,0,0.7,0,0,0,0.9,0.8,2.7,9.2,20.1,65.6,65.6
2005,24 Västerbottens län,Norra Norrland,Protected,0,2.2,0.7,3,2.2,6.9,1.5,13.3,26.3,32.4,110.6,3.73,128.2,0,1.1,0.4,1.5,1.1,3.5,0.8,6.7,13.2,16.3,55.5,55.5
2005,25 Norrbottens län,Norra Norrland,Protected,4.1,1.3,0.9,2.1,0,13,40,51.7,56.5,66.9,296.1,2.93,126.7,0.8,0.2,0.2,0.4,0,2.4,7.5,9.7,10.6,12.6,55.6,55.6
2006,01 Stockholms län,Svealand,Protected,0.8,0.6,0.8,0,0,3.7,4,0.6,4.2,3.6,1.4,7.11,85.4,4.1,3.1,4.1,0,0,18.9,20.4,3.1,21.4,18.4,7.1,46.9
2006,03 Uppsala län,Svealand,Protected,0.7,0,0,2.3,0.6,6.8,2.2,1.1,3.8,2.1,2.9,6.66,80.2,3.1,0,0,10.3,2.7,30.4,9.8,4.9,17,9.4,12.9,22.3
2006,04 Södermanlands län,Svealand,Protected,1.8,0,0.5,0.7,1.8,1.7,1.2,2,0.6,1.5,0,7.72,60.2,15.5,0,4.3,6,15.5,14.7,10.3,17.2,5.2,12.9,0,18.1
2006,05 Östergötlands län,Svealand,Protected,0,0,0,0.7,0,1.3,4,0.5,0.6,1.5,0.7,7.96,83.2,0,0,0,7.5,0,14,43,5.4,6.5,16.1,7.5,30.1
2006,06 Jönköpings län,Götaland,Protected,0,0.3,0,1.5,0.7,1.1,1.2,1.5,0,0.8,0,7.15,62.2,0,4.2,0,21.1,9.9,15.5,16.9,21.1,0,11.3,0,11.3
2006,07 Kronobergs län,Götaland,Protected,0.4,0.9,0.7,1.6,1.6,3.3,4.9,1.4,2.5,0.8,0,6.36,62.1,2.2,5,3.9,8.8,8.8,18.2,27.1,7.7,13.8,4.4,0,4.4
2006,08 Kalmar län,Götaland,Protected,0,0.7,0.8,0.8,1.3,2.5,4.1,4.4,4.8,2.2,0,7.22,78.5,0,3.2,3.7,3.7,6,11.5,18.9,20.3,22.1,10.1,0,32.2
2006,09 Gotlands län,Götaland,Protected,0,0,0.4,0.4,0.4,0.6,1.2,0.2,3.5,1.1,6,4.17,113.6,0,0,2.9,2.9,2.9,4.3,8.6,1.4,25,7.9,42.9,42.9
2006,10 Blekinge län,Götaland,Protected,0,0.6,0.6,2.1,0.2,0,6.2,3.8,1,0,0.5,8.34,68.4,0,4,4,13.9,1.3,0,41.1,25.2,6.6,0,3.3,9.9
2006,12 Skåne län,Götaland,Protected,0.5,3,1.1,1.5,0.8,5.6,1.6,1.8,2.6,4,0,8.24,65,2.2,13.4,4.9,6.7,3.6,25,7.1,8,11.6,17.9,0,29.5
2006,13 Hallands län,Götaland,Protected,0.2,1,0.4,0.4,0,0.7,3.1,1.7,1.8,2,0.3,8.3,79.4,1.7,8.5,3.4,3.4,0,6,26.5,14.5,15.4,17.1,2.6,35.1
2006,14 Västra Götalands län,Götaland,Protected,0,2.5,1.5,0.8,0.6,4.7,7.6,8.4,5.9,3.2,1.3,7.66,79,0,6.9,4.1,2.2,1.7,13,21,23.2,16.3,8.8,3.6,28.7
2006,17 Värmlands län,Svealand,Protected,1.8,0.3,0.9,0.7,1.4,6.5,4.3,5.4,8.2,8.1,8.4,6.7,96.3,3.9,0.7,2,1.5,3.1,14.2,9.4,11.8,17.9,17.7,18.3,36
2006,18 Örebro län,Svealand,Protected,0.5,1.9,1.2,2.8,2.8,2.8,5.8,1.4,5,3.5,4.1,6.74,78,1.6,6,3.8,8.8,8.8,8.8,18.2,4.4,15.7,11,12.9,23.9
2006,19 Västmanlands län,Svealand,Protected,0.6,2.5,1.4,1.5,2.5,4.6,1.7,5.6,6,5.2,0.6,6.42,75.9,1.9,7.8,4.4,4.7,7.8,14.3,5.3,17.4,18.7,16.2,1.9,18.1
2006,20 Dalarnas län,Svealand,Protected,3.3,2.8,2.7,1,0.9,6.9,7.3,7,14.5,22,36.5,4.69,109.9,3.1,2.7,2.6,1,0.9,6.6,7,6.7,13.8,21,34.8,34.8
2006,21 Gävleborgs län,Södra Norrland,Protected,0,2,3.6,3.2,1.4,2.5,0.9,4.6,2.5,1.9,3.9,6.01,71.8,0,7.5,13.6,12.1,5.3,9.4,3.4,17.4,9.4,7.2,14.7,21.9
2006,22 Västernorrlands län,Södra Norrland,Protected,0,0,1.1,0,1.2,3,3.3,0,2.2,3.5,5.7,5.92,99.1,0,0,5.5,0,6,14.9,16.4,0,10.9,17.4,28.4,45.8
2006,23 Jämtlands län,Södra Norrland,Protected,0,1.1,0,0,0,1.3,1,3.7,10.3,21.8,85.6,4.23,138.5,0,0.9,0,0,0,1,0.8,3,8.3,17.5,68.6,68.6
2006,24 Västerbottens län,Norra Norrland,Protected,0,3.1,0.7,3,2.3,6.9,1.6,14.9,25.8,30.7,108.6,3.73,127.1,0,1.6,0.4,1.5,1.2,3.5,0.8,7.5,13.1,15.6,55,55
2006,25 Norrbottens län,Norra Norrland,Protected,4.2,1.3,1.7,4.3,0,15.5,36.8,53.5,48.4,64.3,291.6,2.93,126.1,0.8,0.2,0.3,0.8,0,3,7.1,10.3,9.3,12.3,55.9,55.9
2007,01 Stockholms län,Svealand,Protected,0.9,0.6,0.8,0.8,0.8,4,4.7,0,2.9,3.2,1.3,7.11,76.9,4.5,3,4,4,4,20.2,23.7,0,14.6,16.2,6.6,37.4
2007,03 Uppsala län,Svealand,Protected,0.7,0,0,2.3,0.6,5.6,2.1,1.6,3.7,2.1,3.5,6.66,83.5,3.2,0,0,10.4,2.7,25.2,9.5,7.2,16.7,9.5,15.8,25.3
2007,04 Södermanlands län,Svealand,Protected,1.7,0,0.5,0,2.4,1.8,1.7,2.5,0.6,1.5,0,7.72,61.4,13.3,0,3.9,0,18.8,14.1,13.3,19.5,4.7,11.7,0,16.4
2007,05 Östergötlands län,Svealand,Protected,0,0,0,1.4,0.7,0.5,4.8,1.2,1.2,1.4,0,7.96,76.6,0,0,0,12.7,6.4,4.5,43.6,10.9,10.9,12.7,0,23.6
2007,06 Jönköpings län,Götaland,Protected,0,0.1,0.2,0,2.2,1.1,1.2,1.5,0,1.3,0,7.15,68.9,0,1.3,2.6,0,28.9,14.5,15.8,19.7,0,17.1,0,17.1
2007,07 Kronobergs län,Götaland,Protected,0.3,0.8,0.7,1.6,1,2.7,4.9,1.5,2,0.8,0,6.36,62.6,1.8,4.9,4.3,9.8,6.1,16.5,29.9,9.1,12.2,4.9,0,4.9
2007,08 Kalmar län,Götaland,Protected,0,0.7,0.1,1.5,1.2,2.9,5.4,4.2,6.7,1.8,0.6,7.22,81.2,0,2.8,0.4,6,4.8,11.5,21.4,16.7,26.6,7.1,2.4,36.1
2007,09 Gotlands län,Götaland,Protected,0,0,0.4,0.4,0.5,1.3,0.8,0.6,3.5,0.7,6.5,4.17,112.9,0,0,2.7,2.7,3.4,8.8,5.4,4.1,23.8,4.8,44.2,44.2
2007,10 Blekinge län,Götaland,Protected,0,0.6,0.7,0,1.4,0,6.2,2.4,1.1,0,0.5,8.34,71.5,0,4.7,5.5,0,11,0,48.8,18.9,8.7,0,3.9,12.6
2007,12 Skåne län,Götaland,Protected,0.4,3.1,1.5,1.5,0.8,6.4,2.2,2,2.6,4,0,8.24,63.8,1.6,12.7,6.1,6.1,3.3,26.1,9,8.2,10.6,16.3,0,26.9
2007,13 Hallands län,Götaland,Protected,0,0.4,0.4,0.4,0,0.7,3.1,1.2,1.8,2,0,8.3,82.8,0,4,4,4,0,6.9,30.7,11.9,17.8,19.8,0,37.6
2007,14 Västra Götalands län,Götaland,Protected,0.1,2.5,1.5,0.7,1,4.8,8.1,9.1,5.9,4.3,1.4,7.66,79.7,0.3,6.4,3.8,1.8,2.5,12.2,20.6,23.2,15,10.9,3.6,29.5
2007,17 Värmlands län,Svealand,Protected,2.7,0.4,1,0.6,1.4,6.5,5.1,5.8,8.6,5.6,8.4,6.7,91.9,5.9,0.9,2.2,1.3,3.1,14.2,11.1,12.6,18.7,12.2,18.3,30.5
2007,18 Örebro län,Svealand,Protected,0,0.8,1.9,2.3,2.7,2.1,6.6,1.5,5.2,2.6,4.1,6.74,81.5,0,2.7,6.4,7.8,9.1,7.1,22.3,5.1,17.6,8.8,13.9,22.7
2007,19 Västmanlands län,Svealand,Protected,0,2.1,2.3,1.6,2.4,4.6,1.6,5.6,5.8,5.6,0.6,6.42,76.7,0,6.5,7.1,5,7.5,14.3,5,17.4,18,17.4,1.9,19.3
2007,20 Dalarnas län,Svealand,Protected,3.4,2.8,2.9,2,0.9,5.9,7.6,11,18.4,20.9,30.7,4.69,106.2,3.2,2.6,2.7,1.9,0.8,5.5,7.1,10.3,17.3,19.6,28.9,28.9
2007,21 Gävleborgs län,Södra Norrland,Protected,0,2,4.1,2.8,1.5,3.4,0.9,5.4,2.4,2.6,4.6,6.01,74.2,0,6.7,13.8,9.4,5.1,11.4,3,18.2,8.1,8.8,15.5,24.3
2007,22 Västernorrlands län,Södra Norrland,Protected,0,0,1.1,0,1.2,3.1,3.2,0,2.2,4.2,5.7,5.92,100.5,0,0,5.3,0,5.8,15,15.5,0,10.6,20.3,27.5,47.8
2007,23 Jämtlands län,Södra Norrland,Protected,0,0,1,0,0,1.2,1,3,6.8,20.4,79.4,4.23,139.2,0,0,0.9,0,0,1.1,0.9,2.7,6,18.1,70.3,70.3
2007,24 Västerbottens län,Norra Norrland,Protected,0,3,0.7,3,0,13.9,1.2,15.5,30.9,29.6,103.1,3.73,124.3,0,1.5,0.3,1.5,0,6.9,0.6,7.7,15.4,14.7,51.3,51.3
2007,25 Norrbottens län,Norra Norrland,Protected,4.1,2.5,1.7,3.3,2.5,17.6,41.2,55,47.9,62.9,293.7,2.93,124.8,0.8,0.5,0.3,0.6,0.5,3.3,7.7,10.3,9,11.8,55.2,55.2
2008,01 Stockholms län,Svealand,Protected,0,0,0.8,0.8,0.8,3.9,4.3,0,2.9,3.7,1.4,7.11,84.6,0,0,4.3,4.3,4.3,21.1,23.2,0,15.7,20,7.6,43.3
2008,03 Uppsala län,Svealand,Protected,0,0.7,0,2.3,0.6,4.5,1.7,1.6,3.7,2.9,2.7,6.66,85.8,0,3.4,0,11.2,2.9,22,8.3,7.8,18,14.1,13.2,27.3
2008,04 Södermanlands län,Svealand,Protected,1.8,0,0.5,0,2.5,1.8,1.2,2.5,0.6,1.5,0,7.72,62.4,14.9,0,4.1,0,20.7,14.9,9.9,20.7,5,12.4,0,17.4
2008,05 Östergötlands län,Svealand,Protected,0,0,0,1.4,0.7,0.8,4.5,1.5,1.7,0.8,0,7.96,75,0,0,0,12.5,6.2,7.1,40.2,13.4,15.2,7.1,0,22.3
2008,06 Jönköpings län,Götaland,Protected,0,0.1,0.2,0,2.2,0.6,0.7,2.1,0,1.3,0,7.15,72.9,0,1.4,2.8,0,31,8.5,9.9,29.6,0,18.3,0,18.3
2008,07 Kronobergs län,Götaland,Protected,1.2,1.6,0.8,1.5,1.1,0.7,4.9,1.4,2,0.8,0,6.36,58.9,7.6,10.2,5.1,9.6,7,4.5,31.2,8.9,12.7,5.1,0,5.1
2008,08 Kalmar län,Götaland,Protected,0,0,0.8,2.4,1.3,2.2,6.2,5.1,7.3,2.6,0.6,7.22,83.1,0,0,2.8,8.5,4.6,7.8,21.9,18,25.8,9.2,2.1,37.1
2008,09 Gotlands län,Götaland,Protected,0,0,0.4,0.5,0.5,1.3,0.8,0.6,3.6,2.8,9.6,4.17,121.2,0,0,2,2.5,2.5,6.5,4,3,18.1,14.1,48.2,48.2
2008,10 Blekinge län,Götaland,Protected,0.4,0.6,0.6,0,1.4,0,6.1,2,1,0,0.5,8.34,67.2,3.1,4.7,4.7,0,11,0,48,15.7,7.9,0,3.9,11.8
2008,12 Skåne län,Götaland,Protected,0.4,1.6,3,1.6,1.3,5.6,1.4,2,2.6,4,0,8.24,64.2,1.7,6.8,12.8,6.8,5.6,23.9,6,8.5,11.1,17.1,0,28.2
2008,13 Hallands län,Götaland,Protected,0,0.3,0.5,0,0.5,0.8,2.3,1.2,1.8,2,0,8.3,85.3,0,3.2,5.4,0,5.4,8.6,24.7,12.9,19.4,21.5,0,40.9
2008,14 Västra Götalands län,Götaland,Protected,0.1,1.9,2,1.6,1.1,4.7,7.5,8.4,5.9,4.3,1.4,7.66,78.7,0.3,4.9,5.2,4.1,2.8,12.1,19.3,21.6,15.2,11.1,3.6,29.9
2008,17 Värmlands län,Svealand,Protected,2.7,0.3,0.9,0.6,1.3,7.4,3.3,6.7,7.3,4.5,8.3,6.7,90.1,6.2,0.7,2.1,1.4,3,17.1,7.6,15.4,16.8,10.4,19.1,29.5
2008,18 Örebro län,Svealand,Protected,0,0.4,2.2,3,4.1,2.1,6.6,3.3,6.6,3.2,4,6.74,80.3,0,1.1,6.2,8.4,11.5,5.9,18.5,9.3,18.5,9,11.2,20.2
2008,19 Västmanlands län,Svealand,Protected,0,1.4,2.4,1,1.9,4,1.9,5,4.2,5.6,0.6,6.42,78.8,0,5,8.6,3.6,6.8,14.3,6.8,17.9,15.1,20.1,2.2,22.3
2008,20 Dalarnas län,Svealand,Protected,2.6,1.9,2.9,2.5,1.5,5.6,6.9,9,15.9,20.4,31.1,4.69,107.9,2.6,1.9,2.9,2.5,1.5,5.6,6.9,9,15.9,20.4,31,31
2008,21 Gävleborgs län,Södra Norrland,Protected,0,1.7,3.6,3.5,1.6,3.3,1.7,7,2.4,3.5,4.6,6.01,76.4,0,5.1,10.9,10.6,4.8,10,5.1,21.1,7.3,10.6,13.9,24.5
2008,22 Västernorrlands län,Södra Norrland,Protected,0,0,1.1,0,1.2,3,2.3,0,3.5,6.9,11.1,5.92,114.4,0,0,3.8,0,4.1,10.3,7.9,0,12.1,23.8,38.3,62.1
2008,23 Jämtlands län,Södra Norrland,Protected,0,0,1,0,0,1.3,2.1,3,5.9,16.5,90.9,4.23,140.2,0,0,0.8,0,0,1.1,1.7,2.5,4.9,13.7,75.3,75.3
2008,24 Västerbottens län,Norra Norrland,Protected,0.5,3.1,0,2.4,0,11.6,2.9,11.6,26.9,28.2,94,3.73,124.9,0.3,1.7,0,1.3,0,6.4,1.6,6.4,14.9,15.6,51.9,51.9
2008,25 Norrbottens län,Norra Norrland,Protected,6.1,2.5,2.1,3.4,2.5,17.2,41.4,51.6,68.4,72.5,327.8,2.93,125.5,1,0.4,0.4,0.6,0.4,2.9,6.9,8.7,11.5,12.2,55,55
2009,01 Stockholms län,Svealand,Protected,0,0,0.8,0.7,0.7,2.7,3,0.7,1.5,4.2,0.8,7.11,85.1,0,0,5.3,4.6,4.6,17.8,19.7,4.6,9.9,27.6,5.3,42.8
2009,03 Uppsala län,Svealand,Protected,0,0.7,0,1.4,1.4,3.4,2.2,1.5,3.5,2.5,2.1,6.66,83.6,0,3.7,0,7.4,7.4,18.1,11.7,8,18.6,13.3,11.2,24.5
2009,04 Södermanlands län,Svealand,Protected,1.8,0,0.5,0,2.5,2.3,1.2,3.7,0.6,1.5,0,7.72,63.4,12.9,0,3.6,0,17.9,16.4,8.6,26.4,4.3,10.7,0,15
2009,05 Östergötlands län,Svealand,Protected,0,0.5,0,1.3,0.6,0.8,4.5,1.5,1.7,0.7,0,7.96,69.8,0,4.2,0,11,5.1,6.8,38.1,12.7,14.4,5.9,0,20.3
2009,06 Jönköpings län,Götaland,Protected,0,0.1,0.8,0,2.2,0.6,0.2,2.1,0.4,1.3,0,7.15,70.5,0,1.3,10.5,0,28.9,7.9,2.6,27.6,5.3,17.1,0,22.4
2009,07 Kronobergs län,Götaland,Protected,0.8,2,0,2.2,1,0,3.6,2.1,1.3,0.8,0,6.36,56.7,5.8,14.4,0,15.8,7.2,0,25.9,15.1,9.4,5.8,0,5.8
2009,08 Kalmar län,Götaland,Protected,0,0,0.9,1.8,1.3,2.7,5.6,5.1,5.4,2.6,0.6,7.22,81.9,0,0,3.5,7,5,10.5,21.7,19.8,20.9,10.1,2.3,33.3
2009,09 Gotlands län,Götaland,Protected,0,0,0.4,0.5,0.5,1.3,1.4,1.5,2.1,2.7,7.5,4.17,113.4,0,0,2.2,2.8,2.8,7.2,7.8,8.3,11.7,15,41.7,41.7
2009,10 Blekinge län,Götaland,Protected,0.5,0,1.2,0,1.4,0,5.7,2,1,0,0.5,8.34,67.6,4.1,0,9.8,0,11.4,0,46.3,16.3,8.1,0,4.1,12.2
2009,12 Skåne län,Götaland,Protected,0.4,0,2.3,0.8,0.5,5.2,1.3,1.2,1.9,1.5,0,8.24,61.9,2.6,0,15.2,5.3,3.3,34.4,8.6,7.9,12.6,9.9,0,22.5
2009,13 Hallands län,Götaland,Protected,0,0.5,0.8,0,0.4,0.2,3,2.6,0.8,2,0,8.3,79.9,0,4.8,7.7,0,3.8,1.9,28.8,25,7.7,19.2,0,26.9
2009,14 Västra Götalands län,Götaland,Protected,0.1,1.8,0.7,1.7,1.1,4.5,7.6,8.5,6.4,4.2,1.4,7.66,81.3,0.3,4.7,1.8,4.5,2.9,11.9,20.1,22.4,16.9,11.1,3.7,31.7
2009,17 Värmlands län,Svealand,Protected,1.8,1.2,0.9,0.6,1,7.8,4.6,6.1,7.3,3.8,8.3,6.7,89,4.1,2.8,2.1,1.4,2.3,17.9,10.6,14,16.8,8.7,19.1,27.8
2009,18 Örebro län,Svealand,Protected,0,0.4,2.3,2.9,3.4,2.8,6.6,3.4,6.6,3.3,4,6.74,81.4,0,1.1,6.5,8.2,9.6,7.9,18.6,9.6,18.6,9.3,11.3,20.6
2009,19 Västmanlands län,Svealand,Protected,0,0.6,4,0.9,1.8,3.9,1.6,5.3,4.7,4.9,0.6,6.42,76.9,0,2.1,14.1,3.2,6.4,13.8,5.7,18.7,16.6,17.3,2.1,19.4
2009,20 Dalarnas län,Svealand,Protected,1.9,1.9,2.8,2.5,1.5,5.3,6.5,9,14.4,21.5,29.4,4.69,108.3,2,2,2.9,2.6,1.5,5.5,6.7,9.3,14.9,22.2,30.4,30.4
2009,21 Gävleborgs län,Södra Norrland,Protected,0.3,1.1,3,4.7,1.5,3.3,1.8,7.1,2.4,4.4,5.3,6.01,79.7,0.9,3.2,8.6,13.5,4.3,9.5,5.2,20.3,6.9,12.6,15.2,27.8
2009,22 Västernorrlands län,Södra Norrland,Protected,0,0,1.1,0,1.2,2,2.3,0,3.5,6.8,11.1,5.92,116.2,0,0,3.9,0,4.3,7.1,8.2,0,12.5,24.3,39.6,63.9
2009,23 Jämtlands län,Södra Norrland,Protected,0,0,1,0,0,0.4,2.1,2.8,4.1,13,87.5,4.23,141.4,0,0,0.9,0,0,0.4,1.9,2.5,3.7,11.7,78.8,78.8
2009,24 Västerbottens län,Norra Norrland,Protected,0.6,2,1.1,1.4,0,8.3,5.4,16.6,31.1,24.9,89.6,3.73,124.1,0.3,1.1,0.6,0.8,0,4.6,3,9.2,17.2,13.8,49.5,49.5
2009,25 Norrbottens län,Norra Norrland,Protected,2.4,2.5,2.2,3.4,2.6,16.8,38.8,46.2,71.3,78,338.1,2.93,127.3,0.4,0.4,0.4,0.6,0.4,2.8,6.4,7.7,11.8,13,56.2,56.2
2010,01 Stockholms län,Svealand,Protected,0,0.9,0.8,0.8,0.7,2.8,3,0.8,1.5,3.1,0.8,7.11,77,0,5.9,5.3,5.3,4.6,18.4,19.7,5.3,9.9,20.4,5.3,35.6
2010,03 Uppsala län,Svealand,Protected,0,0.7,0,1.4,1.5,3.9,2.2,1.3,3.5,2.9,3,6.66,87.1,0,3.4,0,6.9,7.4,19.2,10.8,6.4,17.2,14.3,14.8,29.1
2010,04 Södermanlands län,Svealand,Protected,1.7,0,0.6,0,2.4,0.6,1.2,3.8,0,1.5,0,7.72,63.6,14.5,0,5.1,0,20.5,5.1,10.3,32.5,0,12.8,0,12.8
2010,05 Östergötlands län,Svealand,Protected,0,0.5,0,1.3,0.6,0.8,3.7,1.7,1.8,0.8,0,7.96,72.3,0,4.5,0,11.6,5.4,7.1,33,15.2,16.1,7.1,0,23.2
2010,06 Jönköpings län,Götaland,Protected,0,0,0.9,0,2.2,0.6,0.1,2,0.4,1.3,0,7.15,68.5,0,0,11.8,0,28.9,7.9,1.3,26.3,5.3,17.1,0,22.4
2010,07 Kronobergs län,Götaland,Protected,1.4,2,0,2.2,1,0,2.3,2.2,1.3,0.8,0,6.36,52.7,10.4,14.9,0,16.4,7.5,0,17.2,16.4,9.7,6,0,6
2010,08 Kalmar län,Götaland,Protected,0,0,0.8,1.9,1.3,2.7,5.5,4.4,5.4,2.6,0.6,7.22,81.1,0,0,3.2,7.5,5.2,10.7,21.8,17.5,21.4,10.3,2.4,34.1
2010,09 Gotlands län,Götaland,Protected,0,0,0.4,0.5,0.5,0.7,1,1.9,1.5,2.7,3.9,4.17,107,0,0,3,3.8,3.8,5.3,7.6,14.4,11.4,20.5,29.5,29.5
2010,10 Blekinge län,Götaland,Protected,0.4,0,1.3,0,1.4,0,5.7,2,1,0,0.5,8.34,67.7,3.3,0,10.6,0,11.4,0,46.3,16.3,8.1,0,4.1,12.2
2010,12 Skåne län,Götaland,Protected,0.4,0,2.2,0.7,1,4.8,2.2,1.2,2,1.4,0,8.24,61.8,2.5,0,13.8,4.4,6.3,30,13.8,7.5,12.5,8.7,0,21.2
2010,13 Hallands län,Götaland,Protected,0,0.5,0.8,0,0.5,0.3,3.1,1.8,0.8,2,0,8.3,79.8,0,5.2,8.2,0,5.2,3.1,32,18.6,8.2,20.6,0,28.8
2010,14 Västra Götalands län,Götaland,Protected,0.1,1.3,0.6,1.7,0.5,4.6,7.3,9.2,6.2,4.4,1.4,7.66,83.3,0.3,3.5,1.6,4.6,1.3,12.3,19.6,24.7,16.6,11.8,3.8,32.2
2010,17 Värmlands län,Svealand,Protected,1.8,0.9,1.2,0,1.5,7.9,4.1,6.1,6.4,3.7,7.8,6.7,88.6,4.4,2.2,2.9,0,3.6,19.1,9.9,14.8,15.5,9,18.9,27.9
2010,18 Örebro län,Svealand,Protected,0,0.4,2.3,2.1,4.2,2.2,5.2,4.2,5.6,4.9,4.1,6.74,84.2,0,1.1,6.6,6,12,6.3,14.8,12,16,14,11.7,25.7
2010,19 Västmanlands län,Svealand,Protected,0,0.6,4,1,1.7,4,0.9,6.1,4.1,3.6,0.6,6.42,74.3,0,2.3,15.1,3.8,6.4,15.1,3.4,23,15.5,13.6,2.3,15.9
2010,20 Dalarnas län,Svealand,Protected,2.5,3.6,3.4,3.3,1.8,7.2,5.2,10.3,14.4,20.5,29.1,4.69,103.7,2.5,3.6,3.4,3.3,1.8,7.1,5.1,10.2,14.2,20.3,28.8,28.8
2010,21 Gävleborgs län,Södra Norrland,Protected,0.4,1,2.1,5.5,1.5,4,1.8,7.7,2.4,5,5.3,6.01,80.3,1.1,2.7,5.7,14.9,4.1,10.9,4.9,20.9,6.5,13.6,14.4,28
2010,22 Västernorrlands län,Södra Norrland,Protected,0,0,0,1.1,1.2,2,2.3,0,3.5,6.8,11.1,5.92,116.6,0,0,0,3.9,4.3,7.1,8.2,0,12.5,24.3,39.6,63.9
2010,23 Jämtlands län,Södra Norrland,Protected,0,0,1.1,0,0,0.4,2.1,2.9,4.6,13.1,88.8,4.23,141.6,0,0,1,0,0,0.4,1.9,2.6,4.1,11.6,78.7,78.7
2010,24 Västerbottens län,Norra Norrland,Protected,0.5,2,1.1,1.4,0,8.3,5.4,18.8,29,16.9,90.8,3.73,123.6,0.3,1.1,0.6,0.8,0,4.8,3.1,10.8,16.6,9.7,52.1,52.1
2010,25 Norrbottens län,Norra Norrland,Protected,2.5,1.1,2.2,3.5,2.6,18.1,38.2,34.2,70.4,72.1,342.5,2.93,128.3,0.4,0.2,0.4,0.6,0.4,3.1,6.5,5.8,12,12.3,58.3,58.3
2011,01 Stockholms län,Svealand,Protected,0,0.9,0,0.7,1.4,2.7,2.1,1.4,0,3,0.8,7.11,75.5,0,6.9,0,5.3,10.7,20.6,16,10.7,0,22.9,6.1,29
2011,03 Uppsala län,Svealand,Protected,0,0.7,0.6,1.4,1.4,4.5,2.8,1.3,3.3,2.9,2.8,6.66,82.3,0,3.2,2.8,6.4,6.4,20.6,12.8,6,15.1,13.3,12.8,26.1
2011,04 Södermanlands län,Svealand,Protected,1.4,0,0,0,2.4,0.6,2,2.7,0,1.5,0,7.72,65.9,13.3,0,0,0,22.9,5.7,19,25.7,0,14.3,0,14.3
2011,05 Östergötlands län,Svealand,Protected,0,0.6,0,1.3,0.6,0.8,3.8,1.7,1.2,0.8,0,7.96,70.2,0,5.6,0,12.1,5.6,7.5,35.5,15.9,11.2,7.5,0,18.7
2011,06 Jönköpings län,Götaland,Protected,0,0.6,0.9,0,2.2,1.1,0.1,2,0.8,1.3,0,7.15,66.6,0,6.7,10.1,0,24.7,12.4,1.1,22.5,9,14.6,0,23.6
2011,07 Kronobergs län,Götaland,Protected,1.4,2,0,2.2,0,0,2.1,3.5,0.8,0.8,0,6.36,55.7,10.9,15.5,0,17.1,0,0,16.3,27.1,6.2,6.2,0,6.2
2011,08 Kalmar län,Götaland,Protected,0.8,0,0.8,1.8,1.5,2.6,5.4,4.3,6,2.3,0.6,7.22,79,3.1,0,3.1,6.9,5.8,10,20.8,16.5,23.1,8.8,2.3,34.2
2011,09 Gotlands län,Götaland,Protected,0,0,0.4,0.6,0,1.8,1.5,1.9,1.1,3.4,4.8,4.17,107.7,0,0,2.6,3.9,0,11.6,9.7,12.3,7.1,21.9,31,31
2011,10 Blekinge län,Götaland,Protected,0.4,0,1.1,0.1,1.4,0,3.8,3.8,1.9,0,0.5,8.34,73.3,3.1,0,8.4,0.8,10.7,0,29,29,14.5,0,3.8,18.3
2011,12 Skåne län,Götaland,Protected,0.6,0,2.2,0.7,1,3.7,3.4,1.2,1.9,1.7,0,8.24,63,3.6,0,13.3,4.2,6,22.3,20.5,7.2,11.4,10.2,0,21.6
2011,13 Hallands län,Götaland,Protected,0,0.5,0.8,0,0.4,0,3.5,2,0.4,1,0.4,8.3,76.4,0,5.6,8.9,0,4.4,0,38.9,22.2,4.4,11.1,4.4,19.9
2011,14 Västra Götalands län,Götaland,Protected,0.1,0.8,0.6,1.8,0.4,4.1,6.5,8.3,5.9,4.6,1.8,7.66,85.8,0.3,2.3,1.7,5.2,1.1,11.7,18.6,23.8,16.9,13.2,5.2,35.3
2011,17 Värmlands län,Svealand,Protected,0.9,1.8,1.2,0.9,1.6,7.2,4.1,5.5,3.6,4.4,7.8,6.7,86.6,2.3,4.6,3.1,2.3,4.1,18.4,10.5,14.1,9.2,11.3,19.9,31.2
2011,18 Örebro län,Svealand,Protected,1.2,0,2.6,0.7,3.6,2.3,3.5,4.8,5.4,6.6,4.1,6.74,87.7,3.5,0,7.5,2,10.4,6.6,10.1,13.8,15.6,19,11.8,30.8
2011,19 Västmanlands län,Svealand,Protected,0,0.6,4,1,1.2,3.3,1.1,6,2.7,3,0.5,6.42,72.2,0,2.6,17.2,4.3,5.2,14.2,4.7,25.9,11.6,12.9,2.2,15.1
2011,20 Dalarnas län,Svealand,Protected,2.2,3.8,4.6,3.2,1.1,7.2,5.2,8.6,14.8,16.1,36.5,4.69,105.7,2.1,3.7,4.5,3.1,1.1,7,5,8.3,14.4,15.6,35.4,35.4
2011,21 Gävleborgs län,Södra Norrland,Protected,0.3,1,2.7,4.2,1,3.4,1.3,7.8,3.4,5.1,2.8,6.01,78.2,0.9,3,8.1,12.6,3,10.2,3.9,23.4,10.2,15.3,8.4,23.7
2011,22 Västernorrlands län,Södra Norrland,Protected,0.9,0,0,1,1.4,2,1,1.4,1.3,8.6,12.1,5.92,115.3,3,0,0,3.3,4.7,6.7,3.3,4.7,4.3,28.8,40.5,69.3
2011,23 Jämtlands län,Södra Norrland,Protected,0,0,1,0,0,0.4,2.1,4.7,4.7,14.5,92.1,4.23,140.8,0,0,0.8,0,0,0.3,1.8,3.9,3.9,12.1,77.1,77.1
2011,24 Västerbottens län,Norra Norrland,Protected,0.5,1.1,1.1,1.4,0,8.3,6.7,23.1,31.2,21.6,92,3.73,123.3,0.3,0.6,0.6,0.7,0,4.4,3.6,12.4,16.7,11.6,49.2,49.2
2011,25 Norrbottens län,Norra Norrland,Protected,2.4,2.4,0.4,3.3,2.5,13.9,37.8,28.3,67.6,76.5,329.1,2.93,129,0.4,0.4,0.1,0.6,0.4,2.5,6.7,5,12,13.6,58.3,58.3
2012,01 Stockholms län,Svealand,Protected,0,0.9,0,0,0.6,2.5,1.3,1.4,0.5,2.3,0.8,7.11,80.1,0,8.6,0,0,5.7,23.8,12.4,13.3,4.8,21.9,7.6,34.3
2012,03 Uppsala län,Svealand,Protected,0,0.7,0.6,0.8,1.6,4.5,2.9,1.5,3.4,2.8,2.3,6.66,82.6,0,3.3,2.9,3.8,7.6,21.4,13.8,7.1,16.2,13.3,11,24.3
2012,04 Södermanlands län,Svealand,Protected,1.4,0.5,0,0,2.2,0.6,1,2.9,0,1.8,0,7.72,64.9,13.5,4.8,0,0,21.2,5.8,9.6,27.9,0,17.3,0,17.3
2012,05 Östergötlands län,Svealand,Protected,0,0.5,0,0.7,0,1.4,3.6,1.1,0.5,0.6,0.6,7.96,71.4,0,5.4,0,7.5,0,15.1,38.7,11.8,5.4,6.5,6.5,18.4
2012,06 Jönköpings län,Götaland,Protected,0,0.6,1.7,0,2,1.7,0.1,1.9,0.7,1.6,0,7.15,62.2,0,5.8,16.3,0,19.2,16.3,1,18.3,6.7,15.4,0,22.1
2012,07 Kronobergs län,Götaland,Protected,1.5,2,0,2.3,0,0,3.2,3.6,0.8,0.9,0,6.36,58.6,10.7,14.3,0,16.4,0,0,22.9,25.7,5.7,6.4,0,6.4
2012,08 Kalmar län,Götaland,Protected,0.8,0,0.8,1.2,2.1,1.7,3.6,2.9,3.9,2.9,0,7.22,76.4,4,0,4,6,10.6,8.5,18.1,14.6,19.6,14.6,0,34.2
2012,09 Gotlands län,Götaland,Protected,0,0,0.4,0.6,0,1.1,1.4,2.6,1,3.4,5.2,4.17,110.1,0,0,2.5,3.8,0,7,8.9,16.5,6.3,21.5,32.9,32.9
2012,10 Blekinge län,Götaland,Protected,0.4,0,1.1,0.2,2,0,3.8,3.7,2.5,0,0.7,8.34,74.9,2.8,0,7.7,1.4,14,0,26.6,25.9,17.5,0,4.9,22.4
2012,12 Skåne län,Götaland,Protected,0.7,0,1.5,0.5,1.7,3.1,3.1,1.5,2.4,1.4,0.7,8.24,69,4.2,0,9,3,10.2,18.6,18.6,9,14.4,8.4,4.2,27
2012,13 Hallands län,Götaland,Protected,0,0.5,0.8,0,0.4,0,3.4,2.1,0,1.6,0.4,8.3,79.5,0,5.5,8.8,0,4.4,0,37.4,23.1,0,17.6,4.4,22
2012,14 Västra Götalands län,Götaland,Protected,0,1.5,0.6,2.6,0,4.7,3.4,8,5.4,4.7,1.2,7.66,82.6,0,4.7,1.9,8.1,0,14.6,10.6,24.8,16.8,14.6,3.7,35.1
2012,17 Värmlands län,Svealand,Protected,0,1.8,1.2,1.8,1.5,7.3,3.6,5.3,3.6,3.6,8.7,6.7,88,0,4.7,3.1,4.7,3.9,19,9.4,13.8,9.4,9.4,22.6,32
2012,18 Örebro län,Svealand,Protected,1.1,0,1.7,1.3,3.6,1.6,3.2,6.2,4.6,7.2,4.1,6.74,89.4,3.2,0,4.9,3.7,10.4,4.6,9.2,17.9,13.3,20.7,11.8,32.5
2012,19 Västmanlands län,Svealand,Protected,0,0.5,2.8,0.8,1.9,3.1,1.1,5.8,2.5,3,0.5,6.42,72.9,0,2.2,12.6,3.6,8.5,13.9,4.9,26,11.2,13.5,2.2,15.7
2012,20 Dalarnas län,Svealand,Protected,2.3,3.8,3.3,3.2,1.1,7.6,4.4,5.5,10.4,18.6,39.7,4.69,109.1,2.3,3.8,3.3,3.2,1.1,7.6,4.4,5.5,10.4,18.6,39.8,39.8
2012,21 Gävleborgs län,Södra Norrland,Protected,0.3,1,2.3,3.5,1.1,2.6,2.3,7.6,4.1,4.3,2,6.01,78.3,1,3.2,7.3,11.2,3.5,8.3,7.3,24.3,13.1,13.7,6.4,20.1
2012,22 Västernorrlands län,Södra Norrland,Protected,0.8,0,0,1,1.4,2,1.1,2.1,2.5,8,14,5.92,116.8,2.4,0,0,3,4.2,6.1,3.3,6.4,7.6,24.2,42.4,66.6
2012,23 Jämtlands län,Södra Norrland,Protected,0,0,1.2,0,0,0.5,2.3,4.1,5.8,13.4,92,4.23,140.4,0,0,1,0,0,0.4,1.9,3.4,4.9,11.2,77.1,77.1
2012,24 Västerbottens län,Norra Norrland,Protected,0.6,1.3,1,1,0.8,5.7,5.5,22.4,23.7,16.8,94,3.73,125.4,0.3,0.8,0.6,0.6,0.5,3.3,3.2,13,13.7,9.7,54.4,54.4
2012,25 Norrbottens län,Norra Norrland,Protected,2.5,1.2,0.5,3.3,0,11.2,33.7,36.7,67,83.6,345.3,2.93,130.5,0.4,0.2,0.1,0.6,0,1.9,5.8,6.3,11.5,14.3,59,59
2013,01 Stockholms län,Svealand,Protected,0,0.9,0,0,0.7,2.4,1.3,2,1.6,2.4,0.8,7.11,83.6,0,7.3,0,0,5.7,19.5,10.6,16.3,13,19.5,6.5,39
2013,03 Uppsala län,Svealand,Protected,0,0.6,0.7,0.9,1.5,3.6,3.9,2.1,4.2,2.4,2.8,6.66,84,0,2.6,3.1,3.9,6.6,15.7,17,9.2,18.3,10.5,12.2,22.7
2013,04 Södermanlands län,Svealand,Protected,1.4,0.5,0,0,1.3,1.4,0.9,2,0.8,1.8,0,7.72,68.3,14,5,0,0,13,14,9,20,8,18,0,26
2013,05 Östergötlands län,Svealand,Protected,0,0.5,0,0,0.6,1.2,3.8,1.8,0,0.6,0.6,7.96,73.9,0,5.4,0,0,6.5,13,41.3,19.6,0,6.5,6.5,13
2013,06 Jönköpings län,Götaland,Protected,0,0.6,1.8,0,1.9,1.7,0.1,1.4,0.7,2.3,0,7.15,65.8,0,5.7,17.1,0,18.1,16.2,1,13.3,6.7,21.9,0,28.6
2013,07 Kronobergs län,Götaland,Protected,0.6,0.4,1.3,1.4,0.6,1.5,4.5,3.5,0.7,1.3,0,6.36,64.7,3.8,2.5,8.2,8.8,3.8,9.4,28.3,22,4.4,8.2,0,8.2
2013,08 Kalmar län,Götaland,Protected,0.7,0.7,0.6,0.3,1.4,1.7,2.7,3.4,2.7,2.6,0,7.22,76.9,4.2,4.2,3.6,1.8,8.4,10.2,16.2,20.4,16.2,15.6,0,31.8
2013,09 Gotlands län,Götaland,Protected,0,0,0.4,0.6,0,1.1,1.5,2.6,1.1,1.3,2,4.17,93.9,0,0,3.7,5.6,0,10.3,14,24.3,10.3,12.1,18.7,18.7
2013,10 Blekinge län,Götaland,Protected,0,0.6,1.2,0.1,2.6,0,3.8,3.3,2.6,0,0.7,8.34,71.2,0,4,8,0.7,17.3,0,25.3,22,17.3,0,4.7,22
2013,12 Skåne län,Götaland,Protected,1.4,0,2.1,0.8,1.2,2.8,2.6,2.6,2.6,1.3,0.8,8.24,67.7,7.7,0,11.6,4.4,6.6,15.5,14.4,14.4,14.4,7.2,4.4,26
2013,13 Hallands län,Götaland,Protected,0,0.4,0.9,0,0.6,0,3.5,2,0,1.6,0.4,8.3,78.4,0,4.3,9.7,0,6.5,0,37.6,21.5,0,17.2,4.3,21.5
2013,14 Västra Götalands län,Götaland,Protected,0,0.7,0.5,1.8,0,4.9,3.2,7.8,6.9,4.6,2.3,7.66,89.3,0,2.1,1.5,5.5,0,14.9,9.8,23.8,21,14,7,42
2013,17 Värmlands län,Svealand,Protected,0.5,1.8,1.3,1.8,1.5,6.4,3.6,4.5,2.7,3.5,10.5,6.7,90,1.3,4.7,3.4,4.7,3.9,16.8,9.4,11.8,7.1,9.2,27.6,36.8
2013,18 Örebro län,Svealand,Protected,1.2,0,1.7,0.6,1.5,2.2,3.3,3.6,3.1,6.1,4.3,6.74,92.6,4.4,0,6.2,2.2,5.5,8,12,13.1,11.3,22.3,15.7,38
2013,19 Västmanlands län,Svealand,Protected,0,0.5,2.8,0.8,1.6,1.9,1.5,5.7,3.1,3,0.5,6.42,76.6,0,2.3,13.1,3.7,7.5,8.9,7,26.6,14.5,14,2.3,16.3
2013,20 Dalarnas län,Svealand,Protected,2.2,3.8,3.3,2.7,0.4,7,4.5,6.4,7.4,20.2,41.3,4.69,111,2.2,3.8,3.3,2.7,0.4,7,4.5,6.4,7.5,20.3,41.6,41.6
2013,21 Gävleborgs län,Södra Norrland,Protected,0.4,0,3.4,2.7,1.9,2.7,2.1,4.7,5.1,3.5,2.1,6.01,77.4,1.4,0,11.8,9.4,6.6,9.4,7.3,16.4,17.8,12.2,7.3,19.5
2013,22 Västernorrlands län,Södra Norrland,Protected,0.8,0,0,1,1.4,2.1,1.1,2,1.1,5.4,10.1,5.92,111,3.2,0,0,4,5.6,8.4,4.4,8,4.4,21.6,40.4,62
2013,23 Jämtlands län,Södra Norrland,Protected,0,0,1.2,0.7,0,1.1,1.1,4.1,5.8,15.7,85.9,4.23,139.2,0,0,1,0.6,0,1,1,3.5,5,13.6,74.2,74.2
2013,24 Västerbottens län,Norra Norrland,Protected,0,1.8,1.1,1.1,0.8,5.7,3.7,23.4,21.2,17.6,114.9,3.73,128.6,0,0.9,0.6,0.6,0.4,3,1.9,12.2,11.1,9.2,60.1,60.1
2013,25 Norrbottens län,Norra Norrland,Protected,0,1.2,0.6,3.3,0,10.8,31,38.3,52.5,71.4,321.2,2.93,131.1,0,0.2,0.1,0.6,0,2,5.8,7.2,9.9,13.5,60.6,60.6
2014,01 Stockholms län,Svealand,Protected,0,1,0,0.7,0.6,2.1,0.7,3.7,2.2,2.6,2.6,7.11,92.6,0,6.2,0,4.3,3.7,13,4.3,22.8,13.6,16,16,45.6
2014,03 Uppsala län,Svealand,Protected,0,0.6,0.6,0.1,2.1,3.4,2.9,5.1,5.7,5.4,2.8,6.66,93,0,2.1,2.1,0.3,7.3,11.8,10.1,17.8,19.9,18.8,9.8,28.6
2014,04 Södermanlands län,Svealand,Protected,1.4,0.5,0,0,1.3,0.7,1.5,0.7,0.7,1.8,0,7.72,63.9,15.9,5.7,0,0,14.8,8,17,8,8,20.5,0,28.5
2014,05 Östergötlands län,Svealand,Protected,0,0,0,0,0.6,0.6,3.8,1.8,0,0.6,0.7,7.96,81.7,0,0,0,0,7.4,7.4,46.9,22.2,0,7.4,8.6,16
2014,06 Jönköpings län,Götaland,Protected,0,1.3,1.1,0,1.9,1.7,0.1,1.4,0.3,2.9,1.3,7.15,76,0,10.8,9.2,0,15.8,14.2,0.8,11.7,2.5,24.2,10.8,37.5
2014,07 Kronobergs län,Götaland,Protected,0.6,0.9,1.4,0.6,1.3,1.4,5.1,2.8,0.7,1.4,0,6.36,64,3.8,5.6,8.8,3.7,8.1,8.7,31.9,17.5,4.4,8.8,0,8.8
2014,08 Kalmar län,Götaland,Protected,0.7,1.3,0.6,0.3,1.4,1.2,2.7,3.4,2.6,2.6,0,7.22,73.6,4.1,7.6,3.5,1.8,8.2,7.1,15.9,20,15.3,15.3,0,30.6
2014,09 Gotlands län,Götaland,Protected,0,0,0,1.2,0,1.1,1.2,2.2,1.2,0.7,2,4.17,90.8,0,0,0,12.2,0,11.2,12.2,22.4,12.2,7.1,20.4,20.4
2014,10 Blekinge län,Götaland,Protected,0,0.6,0.8,0.9,3,1.2,4.2,4,2,0.8,0.7,8.34,70.2,0,3.3,4.4,4.9,16.4,6.6,23,21.9,10.9,4.4,3.8,19.1
2014,12 Skåne län,Götaland,Protected,1.4,0,2,0.8,1.2,3,2.6,2.8,3,1.3,0.8,8.24,68.5,7.4,0,10.6,4.2,6.3,15.9,13.8,14.8,15.9,6.9,4.2,27
2014,13 Hallands län,Götaland,Protected,0,0,1.2,0,0.6,0,3.3,1.3,0,2,0.4,8.3,80.3,0,0,13.6,0,6.8,0,37.5,14.8,0,22.7,4.5,27.2
2014,14 Västra Götalands län,Götaland,Protected,0,1.4,0.8,2.1,0.6,5.6,2.8,8.5,7.2,5.3,2.4,7.66,86.5,0,3.8,2.2,5.7,1.6,15.3,7.6,23.2,19.6,14.4,6.5,40.5
2014,17 Värmlands län,Svealand,Protected,0.5,1.8,1.2,1.8,2.1,6.8,2.2,4.4,3.8,4.6,10.5,6.7,91.6,1.3,4.5,3,4.5,5.3,17.2,5.6,11.1,9.6,11.6,26.5,38.1
2014,18 Örebro län,Svealand,Protected,1.2,0,1.2,1,0.9,2.5,3.2,3.4,2.8,6.3,4.3,6.74,92.6,4.4,0,4.4,3.7,3.3,9.3,11.9,12.6,10.4,23.3,15.9,39.2
2014,19 Västmanlands län,Svealand,Protected,0.2,0.5,1.4,1.4,0.8,2.5,1.5,5.8,3,2.8,1.1,6.42,80.8,1,2.4,6.7,6.7,3.8,11.9,7.1,27.6,14.3,13.3,5.2,18.5
2014,20 Dalarnas län,Svealand,Protected,2.3,3.8,3.3,2.7,1.7,5.5,5.3,4.6,9.3,18.5,51.6,4.69,114.5,2.1,3.5,3,2.5,1.6,5.1,4.9,4.2,8.6,17.1,47.6,47.6
2014,21 Gävleborgs län,Södra Norrland,Protected,0,0,3.4,1.6,1.9,2.6,2.8,5.3,6.9,3.1,0.8,6.01,79,0,0,12,5.6,6.7,9.2,9.9,18.7,24.3,10.9,2.8,13.7
2014,22 Västernorrlands län,Södra Norrland,Protected,1.4,0,0,1.1,1.4,1,1.1,3.8,1.1,5.3,10,5.92,108.6,5.3,0,0,4.2,5.3,3.8,4.2,14.4,4.2,20.2,38,58.2
2014,23 Jämtlands län,Södra Norrland,Protected,0,0,1.2,0.7,0,2.5,1.2,3.8,9.7,16.7,95.8,4.23,138.3,0,0,0.9,0.5,0,1.9,0.9,2.9,7.4,12.7,72.8,72.8
2014,24 Västerbottens län,Norra Norrland,Protected,0,1.8,0,1.2,1.9,6.9,2.5,15.3,21,18.6,105.1,3.73,128.9,0,1,0,0.7,1.1,4,1.4,8.8,12,10.7,60.2,60.2
2014,25 Norrbottens län,Norra Norrland,Protected,0,1.2,0.8,2.1,1.9,11,30.4,41.8,51.2,79.3,324.1,2.93,130.8,0,0.2,0.1,0.4,0.3,2,5.6,7.7,9.4,14.6,59.6,59.6
2015,01 Stockholms län,Svealand,Protected,0,0,0,0.6,0.7,2.2,0.6,3.7,2.3,3.9,2.5,7.11,100.6,0,0,0,3.6,4.2,13.3,3.6,22.4,13.9,23.6,15.2,52.7
2015,03 Uppsala län,Svealand,Protected,0,0.6,0.7,0.1,2.1,3.6,3.7,5.9,6.6,4.8,2.5,6.66,91,0,2,2.3,0.3,6.9,11.8,12.1,19.3,21.6,15.7,8.2,23.9
2015,04 Södermanlands län,Svealand,Protected,1.4,0.4,0,0,1.4,2.2,1.6,2.6,0.7,1.8,0.9,7.72,72.7,10.7,3.1,0,0,10.7,16.8,12.2,19.8,5.3,13.7,6.9,25.9
2015,05 Östergötlands län,Svealand,Protected,0,0.1,0,0,0.6,1.3,2.9,2.2,0,0.6,1.3,7.96,83.6,0,1.1,0,0,6.6,14.3,31.9,24.2,0,6.6,14.3,20.9
2015,06 Jönköpings län,Götaland,Protected,0,1.2,1,0,1.3,2.3,0.1,0.6,1,2.8,1.3,7.15,77.9,0,10.3,8.5,0,11.1,19.7,0.9,5.1,8.5,23.9,11.1,43.5
2015,07 Kronobergs län,Götaland,Protected,0,1,1.4,0.6,1.3,1.4,4.3,3.2,0.8,1.4,0,6.36,67.3,0,6.6,9.3,4,8.6,9.3,28.5,21.2,5.3,9.3,0,9.3
2015,08 Kalmar län,Götaland,Protected,0.8,1.4,0.7,0.3,1.3,1.2,2.6,3.3,2.7,2.6,0,7.22,74.5,4.8,8.4,4.2,1.8,7.8,7.2,15.6,19.8,16.2,15.6,0,31.8
2015,09 Gotlands län,Götaland,Protected,0,0,0,1.3,0,1,1.2,2.5,1.4,0.6,2,4.17,91.4,0,0,0,12.9,0,9.9,11.9,24.8,13.9,5.9,19.8,19.8
2015,10 Blekinge län,Götaland,Protected,0,0.6,0.8,1,3,1.3,4.2,4,2,0.8,0.7,8.34,70.3,0,3.3,4.3,5.4,16.3,7.1,22.8,21.7,10.9,4.3,3.8,19
2015,12 Skåne län,Götaland,Protected,2,0,2,0.8,1.4,2.5,3.5,2.7,3.5,1.4,0.8,8.24,68.2,9.8,0,9.8,3.9,6.8,12.2,17.1,13.2,17.1,6.8,3.9,27.8
2015,13 Hallands län,Götaland,Protected,0,0,1.2,0,0.7,0,3.3,1.8,0,2,0.4,8.3,80.4,0,0,12.8,0,7.4,0,35.1,19.1,0,21.3,4.3,25.6
2015,14 Västra Götalands län,Götaland,Protected,0,2,0.9,2,1.7,5.4,3.2,8.2,6.5,5.5,2.3,7.66,83.5,0,5.3,2.4,5.3,4.5,14.4,8.5,21.8,17.3,14.6,6.1,38
2015,17 Värmlands län,Svealand,Protected,0.5,1.8,1.3,1.8,1.1,7.7,2.3,6.1,4.8,4.6,11.4,6.7,93.2,1.2,4.1,3,4.1,2.5,17.7,5.3,14.1,11.1,10.6,26.3,36.9
2015,18 Örebro län,Svealand,Protected,1.1,0,1.2,1,0.8,2.4,3.1,3.4,2.7,6.6,5,6.74,95.9,4,0,4.4,3.7,2.9,8.8,11.4,12.5,9.9,24.2,18.3,42.5
2015,19 Västmanlands län,Svealand,Protected,0.2,0.5,1.4,2.1,0.8,2.5,1.5,5.4,2.8,2.6,1,6.42,77,1,2.4,6.7,10,3.8,11.9,7.1,25.7,13.3,12.4,4.8,17.2
2015,20 Dalarnas län,Svealand,Protected,1.6,2,2,1.7,2.2,4,5.4,4.2,8.4,18.2,51.8,4.69,119.8,1.6,2,2,1.7,2.2,3.9,5.3,4.1,8.3,17.9,51,51
2015,21 Gävleborgs län,Södra Norrland,Protected,0,0,2,3.1,1.9,2,2.7,4.8,6,2.5,1.6,6.01,79.7,0,0,7.5,11.7,7.1,7.5,10.2,18,22.6,9.4,6,15.4
2015,22 Västernorrlands län,Södra Norrland,Protected,2.1,0,0,1.2,1.9,1.2,1.2,4.9,1.9,5.9,11.5,5.92,106.7,6.6,0,0,3.8,6,3.8,3.8,15.5,6,18.6,36.3,54.9
2015,23 Jämtlands län,Södra Norrland,Protected,0,0,1.2,0.7,0,2.5,1.2,3.9,8.6,18.3,94.4,4.23,138.4,0,0,0.9,0.5,0,1.9,0.9,3,6.6,14,72.3,72.3
2015,24 Västerbottens län,Norra Norrland,Protected,0,1.8,0,1.7,1.9,7.1,2.5,12.2,19.7,21.9,106.8,3.73,129.7,0,1,0,1,1.1,4,1.4,6.9,11.2,12.5,60.8,60.8
2015,25 Norrbottens län,Norra Norrland,Protected,0,1.2,0.8,2,1.9,7.1,29.3,43.2,48.3,77.1,319.4,2.93,131.4,0,0.2,0.2,0.4,0.4,1.3,5.5,8.1,9.1,14.5,60.2,60.2
2016,01 Stockholms län,Svealand,Protected,0,0,0,0.6,0.7,2.1,0.7,3.7,2.2,3.2,4.6,7.11,104.7,0,0,0,3.4,3.9,11.7,3.9,20.7,12.3,17.9,25.7,55.9
2016,03 Uppsala län,Svealand,Protected,0,0.6,0.7,0.1,2.2,3,3,6.6,7.9,5.5,3.2,6.66,95.4,0,1.8,2.1,0.3,6.7,9.2,9.2,20.2,24.2,16.9,9.8,26.7
2016,04 Södermanlands län,Svealand,Protected,0.7,0.5,0,0,0.6,2.8,1.5,3.4,0.8,1.9,1,7.72,82.1,5.4,3.9,0,0,4.7,21.7,11.6,26.4,6.2,14.7,7.8,28.7
2016,05 Östergötlands län,Svealand,Protected,0,0.8,0,0,0.5,1.3,2.1,3.6,0,0.7,1.3,7.96,82.7,0,7.8,0,0,4.9,12.7,20.6,35.3,0,6.9,12.7,19.6
2016,06 Jönköpings län,Götaland,Protected,0,0.7,1.1,0,1.3,1.7,0.9,0.6,0.7,2.8,1.4,7.15,83.5,0,6.4,10,0,11.8,15.5,8.2,5.5,6.4,25.5,12.7,44.6
2016,07 Kronobergs län,Götaland,Protected,0,1,1.3,0.6,1.8,1.4,4.3,1.7,0.7,1.4,0,6.36,62.4,0,7,9.2,4.2,12.7,9.9,30.3,12,4.9,9.9,0,9.9
2016,08 Kalmar län,Götaland,Protected,0,1.3,0.6,0,0.9,0.4,1.9,3.2,1.9,1.9,0.7,7.22,80.1,0,9.9,4.6,0,6.9,3.1,14.5,24.4,14.5,14.5,5.3,34.3
2016,09 Gotlands län,Götaland,Protected,0,0,0,0.6,0.7,0.6,1.2,2.9,1.3,0.7,1.2,4.17,89.1,0,0,0,6.5,7.5,6.5,12.9,31.2,14,7.5,12.9,12.9
2016,10 Blekinge län,Götaland,Protected,0,0.7,0.8,0.9,2.9,1.3,3.3,2.7,1.1,0.8,0.6,8.34,65.4,0,4.6,5.3,5.9,19.1,8.6,21.7,17.8,7.2,5.3,3.9,16.4
2016,12 Skåne län,Götaland,Protected,2.5,0,2,0.8,1.4,2.1,3.8,2.8,3.6,0.7,1.4,8.24,67.3,11.8,0,9.5,3.8,6.6,10,18,13.3,17.1,3.3,6.6,27
2016,13 Hallands län,Götaland,Protected,0,0,1.2,0,0.6,0.6,3.3,1.7,0.6,1.6,0,8.3,74.9,0,0,12.4,0,6.2,6.2,34,17.5,6.2,16.5,0,22.7
2016,14 Västra Götalands län,Götaland,Protected,0,1.9,0.8,2,1.6,5.4,3.3,8.2,6.6,4.9,2.3,7.66,82.6,0,5.1,2.2,5.4,4.3,14.5,8.9,22,17.7,13.2,6.2,37.1
2016,17 Värmlands län,Svealand,Protected,1.2,0.9,2.1,1.2,1.2,7.5,3.1,6.2,5.5,4.6,11.5,6.7,92.8,2.7,2,4.7,2.7,2.7,16.6,6.9,13.7,12.2,10.2,25.5,35.7
2016,18 Örebro län,Svealand,Protected,0,1.2,1.2,1,0.8,2.4,1.9,4.5,2.6,4.9,4.8,6.74,94,0,4.7,4.7,4,3.2,9.5,7.5,17.8,10.3,19.4,19,38.4
2016,19 Västmanlands län,Svealand,Protected,0.2,0.5,1.5,2.1,0.8,2.5,1.5,4.9,3.3,2.6,1.1,6.42,78.6,1,2.4,7.2,10,3.8,12,7.2,23.4,15.8,12.4,5.3,17.7
2016,20 Dalarnas län,Svealand,Protected,1.1,0.9,2,1.7,2.2,4,5.3,6.9,10,17.8,49.3,4.69,119.9,1.1,0.9,2,1.7,2.2,3.9,5.2,6.8,9.9,17.6,48.6,48.6
2016,21 Gävleborgs län,Södra Norrland,Protected,0,0,1.4,3,1.9,2,3.3,4.7,4.9,3.9,1.6,6.01,82.2,0,0,5.2,11.2,7.1,7.5,12.3,17.5,18.3,14.6,6,20.6
2016,22 Västernorrlands län,Södra Norrland,Protected,2.7,0,0,1.1,0.5,2.5,1.2,4.9,1.8,4.6,11.4,5.92,103.9,8.8,0,0,3.6,1.6,8.1,3.9,15.9,5.8,14.9,37,51.9
2016,23 Jämtlands län,Södra Norrland,Protected,0,0,1.2,0.7,0,2.4,1.2,2,7.4,17.2,97.5,4.23,139.7,0,0,0.9,0.5,0,1.9,0.9,1.5,5.7,13.3,75.3,75.3
2016,24 Västerbottens län,Norra Norrland,Protected,0,1.9,0,1.7,3.7,7.1,1.9,5.2,19.8,14.9,104.4,3.73,130.3,0,1.2,0,1.1,2.3,4.4,1.2,3.2,12.3,9.3,65,65
2016,25 Norrbottens län,Norra Norrland,Protected,0.7,0,0.7,1.2,4.1,5.9,22.8,48.5,51,77.9,331.1,2.93,132.1,0.1,0,0.1,0.2,0.8,1.1,4.2,8.9,9.4,14.3,60.9,60.9
2017,01 Stockholms län,Svealand,Protected,0,0,0,0.7,0.7,1.6,1.3,3.7,1.7,3.8,4.6,7.11,107.7,0,0,0,3.9,3.9,9,7.3,20.8,9.6,21.3,25.8,56.7
2017,03 Uppsala län,Svealand,Protected,0,0.5,0.6,0.1,1.4,2.9,3,5.9,9.2,5.4,3.2,6.66,97,0,1.5,1.9,0.3,4.3,9,9.3,18.2,28.4,16.7,9.9,26.6
2017,04 Södermanlands län,Svealand,Protected,1.5,0,0,0,0,3.5,1.4,2.6,0.7,0.6,1.5,7.72,75.2,12.7,0,0,0,0,29.7,11.9,22,5.9,5.1,12.7,23.7
2017,05 Östergötlands län,Svealand,Protected,0,0.8,0.7,0,0.6,0.7,2.8,3.5,2.1,0,1.3,7.96,80,0,6.3,5.6,0,4.8,5.6,22.2,27.8,16.7,0,10.3,27
2017,06 Jönköpings län,Götaland,Protected,0,0.7,0.1,0.1,0,2.3,0.8,0.7,0.7,2,1.3,7.15,89.9,0,8.1,1.2,1.2,0,26.7,9.3,8.1,8.1,23.3,15.1,46.5
2017,07 Kronobergs län,Götaland,Protected,0,0.9,1.3,0.6,1.8,2.3,3.1,1.7,0.7,1.3,0,6.36,59.9,0,6.5,9.4,4.3,12.9,16.5,22.3,12.2,5,9.4,0,9.4
2017,08 Kalmar län,Götaland,Protected,0.8,1.4,0.6,0,0.2,0.5,2.6,3.3,1.9,1.9,1.4,7.22,81.7,5.5,9.6,4.1,0,1.4,3.4,17.8,22.6,13,13,9.6,35.6
2017,09 Gotlands län,Götaland,Protected,0,0,0,0.6,0.7,0.7,0.8,2.4,2,0.6,1.6,4.17,94.1,0,0,0,6.4,7.4,7.4,8.5,25.5,21.3,6.4,17,17
2017,10 Blekinge län,Götaland,Protected,0,0.7,0.8,1,1,2.6,3.4,2.7,0.7,0.9,1.3,8.34,73.2,0,4.8,5.4,6.8,6.8,17.7,23.1,18.4,4.8,6.1,8.8,19.7
2017,12 Skåne län,Götaland,Protected,2.6,0.5,2.1,0.8,1.3,1.7,4.2,2,3.8,0,2.1,8.24,65.6,12.3,2.4,9.9,3.8,6.1,8,19.8,9.4,17.9,0,9.9,27.8
2017,13 Hallands län,Götaland,Protected,0,0,1.1,0,1,0.9,3.7,1.7,0.6,1.6,0,8.3,74.5,0,0,10.5,0,9.5,8.6,35.2,16.2,5.7,15.2,0,20.9
2017,14 Västra Götalands län,Götaland,Protected,0,1.9,1,1.1,2.9,3.6,2.7,8.8,6.6,6.3,2.3,7.66,86.6,0,5.1,2.7,3,7.8,9.7,7.3,23.8,17.8,17,6.2,41
2017,17 Värmlands län,Svealand,Protected,1.9,0.9,2.1,2.4,1.1,5.8,4.4,5.9,7.4,4.3,11.9,6.7,91.9,4,1.9,4.4,5,2.3,12.1,9.1,12.3,15.4,8.9,24.7,33.6
2017,18 Örebro län,Svealand,Protected,0,1.8,0.7,1.6,0.8,2.4,1.2,3.7,2.7,5,4.9,6.74,93.8,0,7.3,2.8,6.5,3.3,9.8,4.9,15,11,20.3,19.9,40.2
2017,19 Västmanlands län,Svealand,Protected,1,2.4,1.2,1.2,0,2.7,2.7,4.1,4.1,2.3,1.7,6.42,75.8,4.3,10.3,5.2,5.2,0,11.6,11.6,17.7,17.7,9.9,7.3,17.2
2017,20 Dalarnas län,Svealand,Protected,1.2,0.9,2,0.7,3.2,4.2,5.3,7,10.4,17.4,54.4,4.69,121.1,1.1,0.8,1.9,0.7,3,3.9,5,6.5,9.7,16.3,50.9,50.9
2017,21 Gävleborgs län,Södra Norrland,Protected,0,0,1.4,3,0.9,7,3.8,6,3.4,4.3,3.3,6.01,81.7,0,0,4.2,9,2.7,21.1,11.4,18.1,10.2,13,9.9,22.9
2017,22 Västernorrlands län,Södra Norrland,Protected,2.7,0,0.7,1.1,0.5,2.6,1.1,4.2,2.7,5.3,9.6,5.92,99.9,8.8,0,2.3,3.6,1.6,8.5,3.6,13.7,8.8,17.3,31.3,48.6
2017,23 Jämtlands län,Södra Norrland,Protected,0,0,0,1.9,0,2.5,2.9,3.5,6.1,20.1,105.9,4.23,139.1,0,0,0,1.3,0,1.8,2,2.5,4.3,14.1,74.2,74.2
2017,24 Västerbottens län,Norra Norrland,Protected,0,0.6,1.2,1.7,2.9,6,4.4,6.2,21.2,16.3,114.7,3.73,131.2,0,0.3,0.7,1,1.7,3.4,2.5,3.5,12.1,9.3,65.5,65.5
2017,25 Norrbottens län,Norra Norrland,Protected,0.8,0,0.8,1.2,4,4.8,19.2,50.6,53.4,75.9,325.9,2.93,132.3,0.1,0,0.1,0.2,0.7,0.9,3.6,9.4,10,14.2,60.8,60.8
2018,01 Stockholms län,Svealand,Protected,0,0,0,0.6,0.7,1.6,2,3,1.3,3.2,4.6,7.11,105.2,0,0,0,3.6,4.1,9.5,11.8,17.8,7.7,18.9,27.2,53.8
2018,03 Uppsala län,Svealand,Protected,0,0,1.2,0,2.1,3,3,5.3,8.7,6.1,3.9,6.66,98.3,0,0,3.6,0,6.3,9,9,16,26.2,18.4,11.7,30.1
2018,04 Södermanlands län,Svealand,Protected,1.5,0,0,0,0,3.5,1.5,2.6,0.8,0.6,1.5,7.72,77.4,12.8,0,0,0,0,29.9,12.8,22.2,6.8,5.1,12.8,24.7
2018,05 Östergötlands län,Svealand,Protected,0,0.8,0.8,0,0,1.3,1.9,3.3,2.1,0,1.3,7.96,80.8,0,6.9,6.9,0,0,11.2,16.4,28.4,18.1,0,11.2,29.3
2018,06 Jönköpings län,Götaland,Protected,0,0.6,0.1,0.1,0,2.3,0.8,0.6,0.7,1.3,1.3,7.15,85.2,0,7.6,1.3,1.3,0,29.1,10.1,7.6,8.9,16.5,16.5,41.9
2018,07 Kronobergs län,Götaland,Protected,0,0.9,1.3,0.6,1.8,0.8,2.4,1.7,0,1.4,0,6.36,58.6,0,8.2,11.8,5.5,16.4,7.3,21.8,15.5,0,12.7,0,12.7
2018,08 Kalmar län,Götaland,Protected,0.7,1.4,0,0.6,0.2,0.4,2.6,3.3,2.6,1.9,1.4,7.22,83.1,4.6,9.2,0,3.9,1.3,2.6,17,21.6,17,12.4,9.2,38.6
2018,09 Gotlands län,Götaland,Protected,0,0,0,0.6,0.6,0.7,0.8,2.3,2,0.6,1.6,4.17,93.8,0,0,0,6.5,6.5,7.5,8.6,24.7,21.5,6.5,17.2,17.2
2018,10 Blekinge län,Götaland,Protected,0,0,1.5,0.9,0.3,2.6,3.3,2.5,0.8,1.4,1.4,8.34,75.8,0,0,10.1,6.1,2,17.6,22.3,16.9,5.4,9.5,9.5,24.4
2018,12 Skåne län,Götaland,Protected,2.5,1.1,0.6,1.7,1.9,1.1,4.2,1.6,3.2,0.4,2.8,8.24,67.6,11.7,5.2,2.8,8,8.9,5.2,19.7,7.5,15,1.9,13.1,30
2018,13 Hallands län,Götaland,Protected,0,0,1.1,0,0.3,1.5,3.7,1.6,0.6,1.6,0,8.3,73.5,0,0,10.4,0,2.8,14.2,34.9,15.1,5.7,15.1,0,20.8
2018,14 Västra Götalands län,Götaland,Protected,0,1.8,0.4,1.5,3.6,3.8,3.8,9.1,6.6,6.3,2.3,7.66,85.1,0,4.6,1,3.8,9.2,9.7,9.7,23.2,16.8,16,5.9,38.7
2018,17 Värmlands län,Svealand,Protected,1.3,0.9,2.1,2.5,1.2,5.5,4.4,6.8,7.1,7,11.9,6.7,94.9,2.6,1.8,4.1,4.9,2.4,10.8,8.7,13.4,14,13.8,23.5,37.3
2018,18 Örebro län,Svealand,Protected,0,1.8,0.3,1.9,1.6,2.4,1.3,4.5,2.7,6.3,4.8,6.74,93.4,0,6.5,1.1,6.9,5.8,8.7,4.7,16.4,9.8,22.9,17.5,40.4
2018,19 Västmanlands län,Svealand,Protected,1,2.4,1.1,1.3,1.3,2.7,2.7,3.4,5.4,2.3,1.7,6.42,75.4,4,9.6,4.4,5.2,5.2,10.8,10.8,13.6,21.6,9.2,6.8,16
2018,20 Dalarnas län,Svealand,Protected,1.1,0.9,2,0.8,3.2,4.8,5.3,7,12.9,16.3,56.2,4.69,120.8,1,0.8,1.8,0.7,2.9,4.3,4.8,6.3,11.7,14.7,50.8,50.8
2018,21 Gävleborgs län,Södra Norrland,Protected,0,0,0,3.6,1.6,6.3,3.8,6.7,3.5,5.1,4,6.01,86.1,0,0,0,10.4,4.6,18.2,11,19.4,10.1,14.7,11.6,26.3
2018,22 Västernorrlands län,Södra Norrland,Protected,2.7,0,0.7,1.2,0.5,2.6,1.2,4.9,2.8,6,8.3,5.92,98.6,8.7,0,2.3,3.9,1.6,8.4,3.9,15.9,9.1,19.4,26.9,46.3
2018,23 Jämtlands län,Södra Norrland,Protected,0,1.4,0,1.2,0,1.8,2.9,4.2,6.8,17.4,115.5,4.23,139.3,0,0.9,0,0.8,0,1.2,1.9,2.8,4.5,11.5,76.4,76.4
2018,24 Västerbottens län,Norra Norrland,Protected,0,0,1.3,1.7,2.9,6,5.2,4,22.7,17,89.9,3.73,128.7,0,0,0.9,1.1,1.9,4,3.5,2.7,15.1,11.3,59.7,59.7
2018,25 Norrbottens län,Norra Norrland,Protected,0.8,0.7,0.7,1.7,4,4.1,17.7,53.7,49.8,78.1,338.1,2.93,132.6,0.1,0.1,0.1,0.3,0.7,0.7,3.2,9.8,9.1,14.2,61.6,61.6
2019,01 Stockholms län,Svealand,Protected,0,0,0,0,0.7,0.6,2.6,2.2,0.7,2.6,4.1,7.11,110.1,0,0,0,0,5.3,4.5,19.5,16.5,5.3,19.5,30.8,55.6
2019,03 Uppsala län,Svealand,Protected,0,0,1.2,0,1.3,3,3.1,3.5,7.1,2.9,4.1,6.66,95.4,0,0,4.5,0,4.9,11.4,11.7,13.3,26.9,11,15.5,26.5
2019,04 Södermanlands län,Svealand,Protected,2.1,0,0,0,0.8,3.5,1.4,2.6,0.7,1.4,4.1,7.72,84.9,12.7,0,0,0,4.8,21.1,8.4,15.7,4.2,8.4,24.7,37.3
2019,05 Östergötlands län,Svealand,Protected,0,0.8,0.7,0,0.6,2,2.7,3.3,2.1,0,2,7.96,81.2,0,5.6,4.9,0,4.2,14.1,19,23.2,14.8,0,14.1,28.9
2019,06 Jönköpings län,Götaland,Protected,0,0,0.1,0.2,0,2.3,0.7,0.7,0.7,0.7,0,7.15,75.8,0,0,1.9,3.8,0,43.4,13.2,13.2,13.2,13.2,0,26.4
2019,07 Kronobergs län,Götaland,Protected,0,0,2.3,0,2.5,0.9,2.3,1.7,0,1.5,0,6.36,60.9,0,0,20.7,0,22.5,8.1,20.7,15.3,0,13.5,0,13.5
2019,08 Kalmar län,Götaland,Protected,0.7,0.6,0,1.3,0.3,0.5,3.3,3.9,2.6,1.9,1.4,7.22,83.6,4.2,3.6,0,7.8,1.8,3,19.8,23.4,15.6,11.4,8.4,35.4
2019,09 Gotlands län,Götaland,Protected,0,0,0,0.6,0.7,0.7,0.8,2.7,1.2,0.7,2.4,4.17,98.6,0,0,0,6.2,7.2,7.2,8.2,27.8,12.4,7.2,24.7,24.7
2019,10 Blekinge län,Götaland,Protected,0,0,0.6,1.7,0,1.3,1.7,3.7,0.8,1.5,1.4,8.34,83.6,0,0,4.7,13.4,0,10.2,13.4,29.1,6.3,11.8,11,29.1
2019,12 Skåne län,Götaland,Protected,2.6,1.1,0.7,1.6,1.9,0.5,5.1,1.7,2.5,1.1,2.9,8.24,70.6,12.1,5.1,3.3,7.5,8.9,2.3,23.8,7.9,11.7,5.1,13.6,30.4
2019,13 Hallands län,Götaland,Protected,0,0,0,1.3,0.4,1.5,3.3,1.7,0.6,1.2,0.5,8.3,77.2,0,0,0,12.5,3.8,14.4,31.7,16.3,5.8,11.5,4.8,22.1
2019,14 Västra Götalands län,Götaland,Protected,0,1.2,0.1,0.5,4.4,3.5,4.7,7.9,5,8.7,3.9,7.66,92.1,0,3,0.3,1.3,11.1,8.8,11.8,19.9,12.6,21.9,9.8,44.3
2019,17 Värmlands län,Svealand,Protected,1.4,0,3,2.4,0.7,4.6,4.4,7.3,6,6,11.8,6.7,94.7,2.9,0,6.3,5,1.5,9.6,9.2,15.2,12.5,12.5,24.6,37.1
2019,18 Örebro län,Svealand,Protected,0.6,2.4,0.5,1.9,1.6,2.3,1.3,3.9,3.4,6,4.8,6.74,88.7,2.1,8.3,1.7,6.6,5.6,8,4.5,13.5,11.8,20.8,16.7,37.5
2019,19 Västmanlands län,Svealand,Protected,0.7,4,0.5,1.9,1.2,2.4,2.9,4.5,4.5,3.5,1.8,6.42,73.8,2.5,14.3,1.8,6.8,4.3,8.6,10.4,16.1,16.1,12.5,6.4,18.9
2019,20 Dalarnas län,Svealand,Protected,1.1,0.9,2,0.8,1.9,5,6.7,9.1,12.7,18.8,53.3,4.69,120.3,1,0.8,1.8,0.7,1.7,4.5,6,8.1,11.3,16.8,47.5,47.5
2019,21 Gävleborgs län,Södra Norrland,Protected,0,0,0,3.5,1.6,6.2,3.2,6.1,1.7,4.5,4.6,6.01,84.8,0,0,0,11,5,19.6,10.1,19.2,5.4,14.2,14.5,28.7
2019,22 Västernorrlands län,Södra Norrland,Protected,2.1,0,0.6,1.1,0.6,2.5,1.2,4.4,2.8,6,11.4,5.92,104.9,6.4,0,1.8,3.3,1.8,7.6,3.6,13.3,8.5,18.2,34.5,52.7
2019,23 Jämtlands län,Södra Norrland,Protected,0,2,0,1.2,0,0.5,2.8,2.3,3.6,17.3,106.4,4.23,140.1,0,1.5,0,0.9,0,0.4,2.1,1.7,2.6,12.7,78.2,78.2
2019,24 Västerbottens län,Norra Norrland,Protected,0,0,1.2,1.7,1.7,6,6.4,5.3,20.8,17.5,92.6,3.73,129.1,0,0,0.8,1.1,1.1,3.9,4.2,3.5,13.6,11.4,60.4,60.4
2019,25 Norrbottens län,Norra Norrland,Protected,0.8,0.7,1.9,1.7,3.5,0.7,21.9,49,58.6,66.7,330.9,2.93,132.3,0.1,0.1,0.4,0.3,0.7,0.1,4.1,9.1,10.9,12.4,61.7,61.7