,Year,County,Region,Clear-cut Areal,3-10 years  Areal,11 - 20 years  Areal,21 - 30 years  Areal,31 - 40 years  Areal,41 - 60 years  Areal,61 - 80 years  Areal,81 - 100 years  Areal,101 - 120 years  Areal,121 - 140 years  Areal,141+ years  Areal,Areal (1000 ha) Alla åldersklasser,average age,% old forest 100 120 140,Forest 80-120y.o.,% Forest 80-120y.o.,% Forest 141+ years old,Yearly growth m3 by hectare
0,1985,Stockholm,Svealand,18.6,27.6,23.0,19.8,15.8,45.7,40.4,52.4,24.1,10.5,6.2,284.1,58.1,14.4,76.5,26.9,2.2,7.11
1,1985,Uppsala,Svealand,27.4,44.0,43.5,43.5,29.5,65.4,94.2,72.4,29.7,7.8,1.9,459.3,52.5,2.1,102.1,22.2,0.4,6.66
2,1985,Södermanland,Svealand,17.7,32.5,44.0,35.0,29.4,68.3,55.8,39.8,11.6,1.3,2.2,337.6,45.9,4.5,51.4,15.2,0.7,7.72
3,1985,Östergötland,Götaland,29.8,66.2,76.1,71.7,46.2,91.7,109.8,74.4,29.4,7.2,6.2,608.7,48.0,7.0,103.8,17.1,1.0,7.96
4,1985,Jönköping,Götaland,27.8,58.2,80.5,61.9,41.0,134.7,147.1,105.0,35.3,14.0,5.2,710.7,53.0,7.7,140.3,19.7,0.7,7.15
5,1985,Kronoberg,Götaland,22.4,63.0,71.5,61.4,43.1,146.0,131.7,83.5,19.4,3.5,1.5,647.0,48.6,0.8,102.9,15.9,0.2,6.36
6,1985,Kalmar,Götaland,36.4,60.8,71.8,61.3,37.0,151.6,129.6,96.8,42.4,10.9,2.5,701.1,51.8,8.0,139.2,19.9,0.4,7.22
7,1985,Gotland,Götaland,7.4,8.8,8.7,5.8,5.5,15.5,12.5,22.8,21.7,10.3,4.9,123.9,71.3,12.3,44.5,35.9,4.0,4.17
8,1985,Blekinge,Götaland,6.3,15.4,23.5,19.5,12.3,55.6,29.8,14.2,2.8,0.3,,179.7,43.7,1.7,17.0,9.5,0.0,8.34
9,1985,Skåne,Götaland,17.7,27.0,44.3,45.5,32.9,92.5,59.0,30.3,9.4,1.6,0.4,360.6,44.2,3.2,39.7,11.0,0.1,8.24
10,1985,Halland,Götaland,5.4,20.6,26.8,26.4,26.4,82.1,53.5,20.0,3.8,0.6,0.0,265.6,46.2,1.7,23.8,9.0,0.0,8.3
11,1985,Västra Götaland,Götaland,49.1,114.5,161.6,130.3,83.7,198.0,251.6,180.2,62.7,19.2,4.5,1255.4,50.5,6.9,242.9,19.3,0.4,7.66
12,1985,Värmland,Svealand,61.5,166.0,191.7,162.1,101.9,130.4,149.6,161.6,112.5,53.5,28.9,1319.7,51.1,6.2,274.1,20.8,2.2,6.7
13,1985,Orebro,Svealand,24.5,72.1,86.9,49.4,33.7,78.4,78.2,76.6,49.3,8.9,0.8,558.8,48.9,1.7,125.9,22.5,0.1,6.74
14,1985,Västmanland,Svealand,14.2,31.0,36.0,26.8,18.3,44.3,44.9,46.3,16.8,4.8,1.2,284.6,50.2,2.1,63.1,22.2,0.4,6.42
15,1985,Dalarna,Svealand,120.7,258.0,168.3,121.7,84.8,110.3,216.5,263.8,257.0,178.4,124.8,1904.3,66.7,6.6,520.8,27.3,6.6,4.69
16,1985,Gävleborg,Södra Norrland,67.7,161.2,144.9,133.6,108.2,153.7,212.6,230.7,167.6,64.7,21.3,1466.2,57.7,5.9,398.3,27.2,1.5,6.01
17,1985,Västernorrland,Södra Norrland,83.3,186.9,154.5,119.7,76.2,140.2,195.1,269.0,228.2,118.8,59.8,1631.7,64.4,10.9,497.2,30.5,3.7,5.92
18,1985,Jämtland,Södra Norrland,160.6,263.9,186.3,134.8,68.1,118.1,204.6,377.4,453.1,334.9,290.2,2592.0,79.6,11.2,830.5,32.0,11.2,4.23
19,1985,Västerbotten,Norra Norrland,165.6,343.4,220.8,240.4,202.0,322.5,313.4,307.8,400.6,352.7,232.6,3101.8,68.7,7.5,708.4,22.8,7.5,3.73
20,1985,Norrbotten,Norra Norrland,170.4,385.9,324.0,240.8,197.1,381.6,340.6,331.5,446.2,339.2,234.1,3391.4,66.5,6.9,777.7,22.9,6.9,2.93
21,1986,Stockholm,Svealand,16.0,27.6,27.1,18.6,16.8,38.8,40.9,54.9,23.0,9.7,4.5,277.9,57.5,13.4,77.9,28.0,1.6,7.11
22,1986,Uppsala,Svealand,24.3,46.0,41.0,44.0,29.4,67.5,95.4,67.6,26.5,8.5,2.3,452.5,52.3,2.4,94.1,20.8,0.5,6.66
23,1986,Södermanland,Svealand,15.8,31.4,42.8,35.7,27.9,67.0,57.6,40.6,9.4,1.4,1.8,331.4,46.1,3.8,50.0,15.1,0.5,7.72
24,1986,Östergötland,Götaland,29.7,64.0,78.1,72.0,46.0,86.8,107.2,66.8,33.2,6.2,5.7,595.7,47.5,7.6,100.0,16.8,1.0,7.96
25,1986,Jönköping,Götaland,29.5,62.7,83.1,62.1,42.8,122.7,153.4,100.6,33.5,13.1,4.3,707.8,52.0,7.2,134.1,18.9,0.6,7.15
26,1986,Kronoberg,Götaland,22.0,57.9,75.8,59.2,43.9,141.5,128.9,82.1,19.2,4.3,1.9,636.7,48.7,1.0,101.3,15.9,0.3,6.36
27,1986,Kalmar,Götaland,34.0,63.7,73.7,57.4,38.6,154.6,130.3,99.3,36.8,10.5,2.2,701.1,51.3,7.1,136.1,19.4,0.3,7.22
28,1986,Gotland,Götaland,7.1,9.3,8.7,6.3,5.8,16.9,13.7,22.7,23.2,9.5,4.6,127.8,70.7,11.0,45.9,35.9,3.6,4.17
29,1986,Blekinge,Götaland,5.2,16.2,22.1,18.8,12.7,52.9,31.0,14.4,3.2,0.3,,176.8,44.4,2.0,17.6,10.0,0.0,8.34
30,1986,Skåne,Götaland,17.3,28.6,42.1,44.4,33.1,88.5,56.5,30.7,11.3,2.4,0.9,355.8,44.9,4.1,42.0,11.8,0.3,8.24
31,1986,Halland,Götaland,6.4,20.8,27.6,26.3,26.3,79.3,53.6,20.7,4.6,0.7,0.0,266.3,46.2,2.0,25.3,9.5,0.0,8.3
32,1986,Västra Götaland,Götaland,47.6,114.7,169.8,135.9,83.3,197.0,246.4,172.0,60.9,17.6,4.4,1249.6,49.7,6.6,232.9,18.6,0.4,7.66
33,1986,Värmland,Svealand,55.6,171.2,194.2,176.4,107.9,133.3,163.2,154.6,102.4,51.1,26.3,1336.2,49.9,5.8,257.0,19.2,2.0,6.7
34,1986,Orebro,Svealand,23.2,73.8,88.2,51.2,34.2,77.3,79.0,74.6,40.7,7.4,1.2,550.8,47.5,1.6,115.3,20.9,0.2,6.74
35,1986,Västmanland,Svealand,12.9,31.4,35.3,27.8,16.2,43.5,44.3,46.3,17.1,5.3,1.2,281.3,50.7,2.3,63.4,22.5,0.4,6.42
36,1986,Dalarna,Svealand,129.9,251.0,177.6,125.4,93.8,109.6,204.3,255.2,256.8,177.2,109.5,1890.3,65.2,5.8,512.0,27.1,5.8,4.69
37,1986,Gävleborg,Södra Norrland,71.4,155.1,154.7,136.3,109.5,151.8,193.9,225.9,166.4,69.5,24.5,1459.0,57.6,6.4,392.3,26.9,1.7,6.01
38,1986,Västernorrland,Södra Norrland,80.7,198.4,158.2,125.7,91.6,143.6,189.7,257.8,227.9,111.3,52.0,1636.9,62.6,10.0,485.7,29.7,3.2,5.92
39,1986,Jämtland,Södra Norrland,153.4,291.2,184.2,151.9,76.9,113.2,206.3,365.0,450.9,334.4,272.8,2600.2,78.0,10.5,815.9,31.4,10.5,4.23
40,1986,Västerbotten,Norra Norrland,171.3,342.5,246.2,242.3,208.9,338.8,304.6,320.3,407.8,341.8,203.0,3127.5,67.1,6.5,728.1,23.3,6.5,3.73
41,1986,Norrbotten,Norra Norrland,169.7,409.5,327.4,256.8,224.1,374.5,336.1,348.8,421.5,313.5,216.5,3398.4,64.4,6.4,770.3,22.7,6.4,2.93
42,1987,Stockholm,Svealand,16.6,28.4,29.6,16.4,17.9,36.3,40.9,54.3,23.0,10.0,3.6,277.0,56.8,13.2,77.3,27.9,1.3,7.11
43,1987,Uppsala,Svealand,23.3,47.8,41.1,45.1,34.7,69.0,93.7,67.8,30.5,8.9,3.1,465.0,52.7,2.6,98.3,21.1,0.7,6.66
44,1987,Södermanland,Svealand,11.9,31.8,41.6,31.1,28.8,64.4,52.9,34.9,11.6,1.9,1.8,312.7,46.4,4.9,46.5,14.9,0.6,7.72
45,1987,Östergötland,Götaland,29.2,68.4,73.6,79.9,50.5,87.4,102.5,62.3,36.0,6.9,6.1,602.8,47.1,8.1,98.3,16.3,1.0,7.96
46,1987,Jönköping,Götaland,28.7,64.3,79.9,60.4,47.8,117.1,159.8,101.0,34.1,13.8,5.0,711.9,52.5,7.4,135.1,19.0,0.7,7.15
47,1987,Kronoberg,Götaland,22.6,57.1,74.9,61.7,43.3,135.7,129.7,78.6,20.5,4.9,1.6,630.6,48.6,1.0,99.1,15.7,0.3,6.36
48,1987,Kalmar,Götaland,32.2,68.5,70.6,56.5,44.5,150.6,130.1,98.6,41.0,9.8,3.8,706.2,51.7,7.7,139.6,19.8,0.5,7.22
49,1987,Gotland,Götaland,7.4,8.5,8.2,6.1,5.8,16.9,11.6,20.8,20.6,9.3,4.2,119.4,69.6,11.3,41.4,34.7,3.5,4.17
50,1987,Blekinge,Götaland,4.9,17.9,23.2,20.2,13.0,50.0,33.2,14.6,3.6,0.3,,180.9,44.2,2.2,18.2,10.1,0.0,8.34
51,1987,Skåne,Götaland,17.7,27.6,43.1,46.9,34.0,85.8,57.2,29.3,11.6,1.9,0.9,356.0,44.4,4.0,40.9,11.5,0.3,8.24
52,1987,Halland,Götaland,6.4,21.3,29.0,29.3,26.4,80.3,53.0,21.9,4.7,1.0,0.1,273.4,46.0,2.1,26.6,9.7,0.0,8.3
53,1987,Västra Götaland,Götaland,48.1,110.9,171.3,140.4,83.3,195.4,244.4,171.1,59.7,19.5,4.0,1248.1,49.6,6.7,230.8,18.5,0.3,7.66
54,1987,Värmland,Svealand,49.7,166.4,207.3,171.9,113.0,133.0,156.7,168.5,95.0,50.0,25.7,1337.2,49.8,5.7,263.5,19.7,1.9,6.7
55,1987,Orebro,Svealand,22.1,74.0,87.6,57.6,38.3,72.0,81.8,73.7,43.0,7.8,2.2,560.1,47.8,1.8,116.7,20.8,0.4,6.74
56,1987,Västmanland,Svealand,13.7,33.5,36.4,22.9,18.1,40.0,45.7,47.8,18.6,2.7,0.8,280.2,50.2,1.2,66.4,23.7,0.3,6.42
57,1987,Dalarna,Svealand,122.7,251.1,190.8,133.2,92.2,115.6,183.1,245.1,264.3,186.2,110.9,1895.2,65.3,5.9,509.4,26.9,5.9,4.69
58,1987,Gävleborg,Södra Norrland,77.5,153.1,159.2,130.9,112.6,146.7,186.8,217.5,157.6,67.3,23.2,1432.4,56.6,6.3,375.1,26.2,1.6,6.01
59,1987,Västernorrland,Södra Norrland,85.4,209.2,147.4,135.1,91.9,136.1,193.0,255.1,227.4,105.1,49.6,1635.3,61.7,9.5,482.5,29.5,3.0,5.92
60,1987,Jämtland,Södra Norrland,162.9,280.4,203.3,161.6,89.9,109.1,206.1,349.4,427.1,337.5,281.0,2608.3,77.1,10.8,776.5,29.8,10.8,4.23
61,1987,Västerbotten,Norra Norrland,158.5,355.5,269.0,220.2,222.4,333.2,323.3,330.2,405.7,342.1,197.2,3157.3,66.8,6.2,735.9,23.3,6.2,3.73
62,1987,Norrbotten,Norra Norrland,162.8,410.0,306.2,296.9,252.2,367.1,338.0,328.4,409.3,289.6,220.3,3380.8,63.5,6.5,737.7,21.8,6.5,2.93
63,1988,Stockholm,Svealand,14.1,26.9,33.5,15.5,18.7,37.5,44.3,52.3,22.9,10.5,3.0,279.2,56.8,13.0,75.2,26.9,1.1,7.11
64,1988,Uppsala,Svealand,21.3,44.6,38.4,38.0,36.2,67.4,95.3,67.4,30.4,6.9,2.8,448.7,53.5,2.2,97.8,21.8,0.6,6.66
65,1988,Södermanland,Svealand,11.0,28.8,41.1,34.2,28.9,65.7,56.8,37.3,11.0,1.7,1.5,318.0,47.1,4.5,48.3,15.2,0.5,7.72
66,1988,Östergötland,Götaland,28.1,66.3,67.7,82.1,55.4,89.4,102.6,67.0,35.9,8.4,5.7,608.6,47.9,8.2,102.9,16.9,0.9,7.96
67,1988,Jönköping,Götaland,23.5,70.8,82.0,59.9,49.8,111.5,164.1,95.3,32.8,15.0,5.0,709.7,52.1,7.4,128.1,18.0,0.7,7.15
68,1988,Kronoberg,Götaland,18.6,54.2,78.0,62.0,42.6,134.4,131.1,80.3,19.9,6.0,2.6,629.7,49.4,1.4,100.2,15.9,0.4,6.36
69,1988,Kalmar,Götaland,33.4,70.8,73.6,55.9,44.3,143.0,125.8,93.6,37.1,9.4,3.8,690.7,50.6,7.3,130.7,18.9,0.6,7.22
70,1988,Gotland,Götaland,7.8,9.4,8.6,5.6,5.7,16.2,12.9,21.1,20.5,8.6,4.2,120.6,68.7,10.6,41.6,34.5,3.5,4.17
71,1988,Blekinge,Götaland,4.4,17.7,23.1,20.2,14.2,50.2,33.2,15.0,3.5,0.3,,181.8,44.4,2.1,18.5,10.2,0.0,8.34
72,1988,Skåne,Götaland,17.4,28.2,43.5,51.8,38.2,83.9,59.0,29.9,10.4,2.3,1.1,365.7,44.1,3.8,40.3,11.0,0.3,8.24
73,1988,Halland,Götaland,6.5,20.9,31.6,30.8,27.5,78.1,54.3,23.4,4.5,1.1,0.1,278.8,45.9,2.0,27.9,10.0,0.0,8.3
74,1988,Västra Götaland,Götaland,46.7,105.9,178.3,140.3,88.7,198.7,242.9,166.3,58.6,21.3,3.8,1251.5,49.4,6.7,224.9,18.0,0.3,7.66
75,1988,Värmland,Svealand,47.5,160.5,207.7,178.5,114.2,133.2,158.9,161.1,90.5,51.7,28.0,1331.8,49.8,6.0,251.6,18.9,2.1,6.7
76,1988,Orebro,Svealand,21.1,74.7,92.2,60.5,41.0,72.3,79.7,77.6,38.5,10.6,3.4,571.6,47.7,2.4,116.1,20.3,0.6,6.74
77,1988,Västmanland,Svealand,15.0,36.6,34.7,24.4,20.7,39.9,45.2,46.2,19.3,1.9,1.1,285.0,49.2,1.1,65.5,23.0,0.4,6.42
78,1988,Dalarna,Svealand,112.5,262.0,198.2,146.9,96.8,111.6,184.2,239.3,249.6,182.5,98.4,1882.0,63.6,5.2,488.9,26.0,5.2,4.69
79,1988,Gävleborg,Södra Norrland,76.7,155.2,159.1,133.5,123.2,150.7,184.4,213.5,137.5,62.6,22.1,1418.5,55.0,6.0,351.0,24.7,1.6,6.01
80,1988,Västernorrland,Södra Norrland,91.9,206.2,150.4,137.8,93.5,142.6,200.7,235.5,215.1,105.8,48.5,1628.0,60.6,9.5,450.6,27.7,3.0,5.92
81,1988,Jämtland,Södra Norrland,161.4,275.1,204.4,167.7,97.5,117.4,202.5,347.1,414.9,360.0,255.1,2603.1,76.4,9.8,762.0,29.3,9.8,4.23
82,1988,Västerbotten,Norra Norrland,137.2,379.5,280.8,200.8,250.6,335.3,334.6,324.8,376.5,341.5,199.0,3160.6,66.1,6.3,701.3,22.2,6.3,3.73
83,1988,Norrbotten,Norra Norrland,142.3,406.6,305.4,307.3,277.7,368.7,350.0,324.2,405.1,272.3,214.0,3373.6,63.0,6.3,729.3,21.6,6.3,2.93
84,1989,Stockholm,Svealand,12.3,27.7,33.6,18.0,16.4,39.9,41.8,47.9,21.9,8.8,1.9,270.2,55.1,12.1,69.8,25.8,0.7,7.11
85,1989,Uppsala,Svealand,19.1,48.3,42.6,39.2,40.9,70.5,101.2,70.2,29.6,7.4,3.6,472.6,53.3,2.3,99.8,21.1,0.8,6.66
86,1989,Södermanland,Svealand,10.6,24.8,38.6,33.4,29.4,65.4,62.9,35.9,9.2,1.5,1.9,313.6,48.0,4.0,45.1,14.4,0.6,7.72
87,1989,Östergötland,Götaland,24.6,68.4,77.6,84.8,53.2,83.9,106.4,63.7,35.5,9.2,5.6,612.9,47.4,8.2,99.2,16.2,0.9,7.96
88,1989,Jönköping,Götaland,23.8,73.5,78.9,67.5,49.2,108.2,159.3,92.5,35.4,15.0,4.1,707.4,51.7,7.7,127.9,18.1,0.6,7.15
89,1989,Kronoberg,Götaland,17.9,53.0,73.9,67.2,44.8,133.9,133.4,80.5,21.8,4.3,2.2,632.9,49.5,1.0,102.3,16.2,0.3,6.36
90,1989,Kalmar,Götaland,34.7,73.1,74.0,59.5,51.3,140.5,129.6,92.4,40.2,8.6,3.4,707.3,50.2,7.4,132.6,18.7,0.5,7.22
91,1989,Gotland,Götaland,7.0,9.8,9.2,6.1,4.9,16.0,13.2,21.4,18.9,8.7,3.6,118.8,67.7,10.4,40.3,33.9,3.0,4.17
92,1989,Blekinge,Götaland,4.3,18.2,21.1,20.4,16.5,49.7,36.2,15.5,3.6,0.1,,185.6,44.9,2.0,19.1,10.3,0.0,8.34
93,1989,Skåne,Götaland,15.7,28.3,44.3,50.5,41.3,82.7,59.3,30.9,9.7,2.9,1.1,366.7,44.4,3.7,40.6,11.1,0.3,8.24
94,1989,Halland,Götaland,6.8,19.8,32.8,29.6,25.7,79.4,55.6,23.6,4.3,1.3,0.1,279.0,46.2,2.0,27.9,10.0,0.0,8.3
95,1989,Västra Götaland,Götaland,48.7,104.5,173.3,142.8,92.7,193.0,236.4,160.3,62.6,18.5,3.6,1236.4,49.2,6.9,222.9,18.0,0.3,7.66
96,1989,Värmland,Svealand,45.6,151.7,207.6,189.6,119.2,135.4,158.9,159.6,83.8,48.8,29.1,1329.3,49.4,5.9,243.4,18.3,2.2,6.7
97,1989,Orebro,Svealand,20.6,73.7,86.2,66.6,42.0,66.3,78.9,78.6,38.7,11.1,4.4,567.1,48.2,2.7,117.3,20.7,0.8,6.74
98,1989,Västmanland,Svealand,14.0,35.8,33.1,26.5,21.6,38.3,45.6,42.5,19.9,2.6,0.7,280.6,49.1,1.2,62.4,22.2,0.2,6.42
99,1989,Dalarna,Svealand,98.0,273.8,209.9,161.8,101.6,123.9,167.8,235.0,237.3,180.4,90.6,1880.1,62.0,4.8,472.3,25.1,4.8,4.69
100,1989,Gävleborg,Södra Norrland,76.1,150.7,159.5,131.1,127.1,151.4,181.7,215.4,147.0,60.1,25.2,1425.3,55.7,6.0,362.4,25.4,1.8,6.01
101,1989,Västernorrland,Södra Norrland,91.9,196.9,160.7,135.2,99.8,134.4,209.4,239.9,204.9,103.4,43.7,1620.2,60.1,9.1,444.8,27.5,2.7,5.92
102,1989,Jämtland,Södra Norrland,161.5,284.9,218.8,174.8,106.3,122.4,209.9,325.0,405.0,356.7,244.4,2609.7,74.7,9.4,730.0,28.0,9.4,4.23
103,1989,Västerbotten,Norra Norrland,135.1,359.5,292.8,184.4,263.8,316.4,334.3,323.1,380.1,315.2,175.0,3079.7,65.3,5.7,703.2,22.8,5.7,3.73
104,1989,Norrbotten,Norra Norrland,130.5,425.0,303.9,299.1,292.8,372.3,354.4,298.5,383.2,249.6,194.0,3303.3,61.3,5.9,681.7,20.6,5.9,2.93
105,1990,Stockholm,Svealand,10.7,27.2,38.7,16.8,19.5,42.3,46.8,45.9,25.1,9.9,2.7,285.6,55.9,13.2,71.0,24.9,0.9,7.11
106,1990,Uppsala,Svealand,20.0,49.0,44.9,39.1,40.7,71.7,99.9,69.0,30.4,7.5,4.3,476.5,53.1,2.5,99.4,20.9,0.9,6.66
107,1990,Södermanland,Svealand,9.3,27.7,38.0,32.9,32.6,62.5,61.1,32.7,11.1,3.0,1.9,312.8,47.9,5.1,43.8,14.0,0.6,7.72
108,1990,Östergötland,Götaland,23.8,67.6,78.7,84.4,53.4,82.5,100.2,65.0,35.8,10.9,5.7,608.0,47.6,8.6,100.8,16.6,0.9,7.96
109,1990,Jönköping,Götaland,25.0,73.6,78.6,69.5,51.1,103.2,161.4,98.2,34.5,14.4,4.0,713.5,51.7,7.4,132.7,18.6,0.6,7.15
110,1990,Kronoberg,Götaland,20.5,46.7,73.9,65.7,40.9,125.8,140.3,80.1,23.8,4.8,1.8,624.3,50.3,1.1,103.9,16.6,0.3,6.36
111,1990,Kalmar,Götaland,32.0,74.5,81.7,58.8,51.4,135.1,134.2,90.1,41.7,9.7,3.7,712.9,50.2,7.7,131.8,18.5,0.5,7.22
112,1990,Gotland,Götaland,6.8,8.4,9.9,6.0,4.9,15.2,14.5,20.5,17.2,10.7,4.2,118.3,69.1,12.6,37.7,31.9,3.6,4.17
113,1990,Blekinge,Götaland,5.1,16.5,21.3,21.9,16.7,47.6,39.0,14.2,4.6,0.6,,187.5,45.5,2.8,18.8,10.0,0.0,8.34
114,1990,Skåne,Götaland,14.8,27.1,41.6,52.6,42.3,80.8,59.3,30.9,10.2,3.5,0.9,364.0,44.8,4.0,41.1,11.3,0.2,8.24
115,1990,Halland,Götaland,6.9,19.9,32.6,29.7,26.5,75.6,53.7,25.1,6.0,1.3,0.1,277.4,46.6,2.7,31.1,11.2,0.0,8.3
116,1990,Västra Götaland,Götaland,46.6,109.7,167.1,135.7,95.4,190.5,244.7,156.2,66.9,19.9,4.6,1237.3,49.8,7.4,223.1,18.0,0.4,7.66
117,1990,Värmland,Svealand,47.4,140.4,210.7,173.8,132.7,130.6,152.1,150.3,77.0,50.8,25.0,1290.8,48.9,5.9,227.3,17.6,1.9,6.7
118,1990,Orebro,Svealand,24.2,71.4,80.7,69.8,45.9,63.8,84.2,74.4,35.5,12.7,4.1,566.7,47.8,3.0,109.9,19.4,0.7,6.74
119,1990,Västmanland,Svealand,13.4,29.4,32.2,31.1,20.8,37.3,49.9,46.0,19.5,4.6,0.3,284.5,51.1,1.7,65.5,23.0,0.1,6.42
120,1990,Dalarna,Svealand,86.6,262.8,222.3,163.5,109.6,120.1,175.7,234.3,217.6,176.5,87.9,1856.9,61.4,4.7,451.9,24.3,4.7,4.69
121,1990,Gävleborg,Södra Norrland,74.1,150.8,158.9,142.3,125.7,157.2,183.4,208.9,144.1,63.4,28.7,1437.5,55.7,6.4,353.0,24.6,2.0,6.01
122,1990,Västernorrland,Södra Norrland,95.2,183.2,183.6,141.5,104.5,130.0,196.2,244.6,203.1,109.1,37.5,1628.5,59.4,9.0,447.7,27.5,2.3,5.92
123,1990,Jämtland,Södra Norrland,145.7,295.2,231.8,181.5,118.2,125.6,212.9,306.5,396.0,347.8,227.7,2588.9,73.3,8.8,702.5,27.1,8.8,4.23
124,1990,Västerbotten,Norra Norrland,126.7,379.1,298.5,198.0,267.6,330.5,345.6,313.8,361.5,283.8,159.1,3064.2,63.2,5.2,675.3,22.0,5.2,3.73
125,1990,Norrbotten,Norra Norrland,126.1,401.0,332.4,328.6,291.7,372.4,364.1,303.5,362.6,256.6,218.2,3357.2,61.6,6.5,666.1,19.8,6.5,2.93
126,1991,Stockholm,Svealand,11.0,27.4,34.4,18.8,18.8,44.0,43.9,44.4,25.5,10.0,2.7,280.9,56.0,13.6,69.9,24.9,1.0,7.11
127,1991,Uppsala,Svealand,20.0,49.4,44.2,43.8,44.3,66.1,98.6,67.1,30.2,8.7,4.4,476.8,52.7,2.7,97.3,20.4,0.9,6.66
128,1991,Södermanland,Svealand,10.7,26.8,35.8,32.5,34.9,58.5,62.4,32.1,12.2,3.5,2.4,311.8,48.6,5.8,44.3,14.2,0.8,7.72
129,1991,Östergötland,Götaland,22.5,71.6,81.0,80.2,56.7,83.9,101.4,65.0,35.0,11.4,3.9,612.6,47.1,8.2,100.0,16.3,0.6,7.96
130,1991,Jönköping,Götaland,24.0,66.7,82.7,79.2,52.3,105.7,158.2,95.0,36.4,14.0,3.7,717.9,51.4,7.5,131.4,18.3,0.5,7.15
131,1991,Kronoberg,Götaland,21.9,50.2,71.9,70.4,41.7,131.7,140.8,79.0,25.9,4.9,1.4,639.8,50.0,1.0,104.9,16.4,0.2,6.36
132,1991,Kalmar,Götaland,31.5,73.0,79.6,62.9,49.2,127.7,136.1,89.8,44.7,11.5,3.6,709.6,50.9,8.4,134.5,19.0,0.5,7.22
133,1991,Gotland,Götaland,5.7,9.9,10.0,6.4,5.5,13.8,13.7,18.5,15.2,11.9,4.2,114.8,68.3,14.0,33.7,29.4,3.7,4.17
134,1991,Blekinge,Götaland,6.1,14.5,24.1,23.8,17.7,46.7,37.1,13.8,4.4,0.6,,188.8,44.6,2.6,18.2,9.6,0.0,8.34
135,1991,Skåne,Götaland,13.7,27.9,38.9,57.0,44.7,81.4,57.5,30.0,10.1,2.9,0.3,364.4,44.2,3.6,40.1,11.0,0.1,8.24
136,1991,Halland,Götaland,6.4,20.3,33.6,31.3,27.9,73.5,59.9,24.9,6.8,1.3,0.1,286.0,47.0,2.9,31.7,11.1,0.0,8.3
137,1991,Västra Götaland,Götaland,46.9,103.8,163.9,134.7,103.6,183.2,248.8,155.8,67.0,22.1,7.4,1237.2,50.4,7.8,222.8,18.0,0.6,7.66
138,1991,Värmland,Svealand,43.9,134.7,203.7,163.2,139.6,131.7,142.6,145.6,78.7,48.2,28.7,1260.6,49.4,6.1,224.3,17.8,2.3,6.7
139,1991,Orebro,Svealand,25.3,74.1,78.6,75.3,45.4,65.4,81.7,72.9,36.3,15.0,4.8,574.8,47.8,3.4,109.2,19.0,0.8,6.74
140,1991,Västmanland,Svealand,15.2,28.3,33.9,30.2,20.8,37.1,50.0,51.3,18.1,4.6,0.3,289.8,51.2,1.7,69.4,23.9,0.1,6.42
141,1991,Dalarna,Svealand,83.8,261.1,239.3,158.0,116.4,122.5,173.7,239.0,224.3,182.1,91.7,1891.9,61.8,4.8,463.3,24.5,4.8,4.69
142,1991,Gävleborg,Södra Norrland,66.7,145.8,161.6,155.4,134.4,155.6,197.5,212.6,136.8,49.2,28.7,1444.3,54.9,5.4,349.4,24.2,2.0,6.01
143,1991,Västernorrland,Södra Norrland,93.4,194.9,201.6,148.2,99.5,127.1,189.6,251.3,202.7,111.2,42.5,1662.0,59.0,9.2,454.0,27.3,2.6,5.92
144,1991,Jämtland,Södra Norrland,142.2,297.9,240.8,179.6,133.7,117.3,205.6,299.0,391.4,333.0,221.0,2561.5,72.3,8.6,690.4,27.0,8.6,4.23
145,1991,Västerbotten,Norra Norrland,111.1,386.8,273.8,197.8,277.0,334.1,328.4,271.4,373.6,309.5,144.5,3008.0,63.6,4.8,645.0,21.4,4.8,3.73
146,1991,Norrbotten,Norra Norrland,100.4,408.1,316.1,321.1,292.7,381.4,346.5,279.9,354.7,242.5,223.3,3266.7,61.7,6.8,634.6,19.4,6.8,2.93
147,1992,Stockholm,Svealand,11.8,26.7,36.8,25.1,20.0,42.7,41.3,41.8,28.8,10.1,3.4,288.5,55.4,14.7,70.6,24.5,1.2,7.11
148,1992,Uppsala,Svealand,18.1,44.7,44.0,41.2,48.6,61.2,96.2,61.7,28.6,8.1,5.0,457.4,52.7,2.9,90.3,19.7,1.1,6.66
149,1992,Södermanland,Svealand,13.4,24.8,41.3,40.0,35.1,63.1,64.9,31.6,13.2,3.2,1.9,332.5,47.4,5.5,44.8,13.5,0.6,7.72
150,1992,Östergötland,Götaland,18.7,61.9,78.0,73.9,58.9,90.4,89.6,62.7,30.8,10.6,4.4,579.9,47.4,7.9,93.5,16.1,0.8,7.96
151,1992,Jönköping,Götaland,26.4,70.7,86.4,84.0,50.4,109.3,163.4,92.4,36.5,11.8,3.0,734.3,50.3,7.0,128.9,17.6,0.4,7.15
152,1992,Kronoberg,Götaland,21.7,48.9,70.7,65.5,42.8,130.3,148.7,75.5,29.4,5.8,1.0,640.3,50.7,1.1,104.9,16.4,0.2,6.36
153,1992,Kalmar,Götaland,35.7,74.1,85.5,65.2,51.5,127.2,140.2,81.5,46.4,11.6,3.7,722.6,49.9,8.5,127.9,17.7,0.5,7.22
154,1992,Gotland,Götaland,4.5,10.2,9.7,7.6,4.9,12.1,13.3,17.8,14.2,10.2,4.0,108.5,67.3,13.1,32.0,29.5,3.7,4.17
155,1992,Blekinge,Götaland,6.3,13.4,21.6,22.8,17.2,44.7,40.1,14.2,4.0,0.5,,184.8,45.5,2.4,18.2,9.8,0.0,8.34
156,1992,Skåne,Götaland,14.9,29.1,40.4,60.2,47.3,82.4,59.7,30.4,10.6,2.7,0.3,378.0,43.9,3.6,41.0,10.8,0.1,8.24
157,1992,Halland,Götaland,6.1,19.8,32.3,30.6,28.3,71.0,62.4,24.5,8.0,1.5,,284.5,47.7,3.3,32.5,11.4,0.0,8.3
158,1992,Västra Götaland,Götaland,55.8,108.4,153.1,136.1,110.9,183.3,257.0,158.5,66.4,20.7,7.3,1257.5,50.2,7.5,224.9,17.9,0.6,7.66
159,1992,Värmland,Svealand,48.4,130.7,184.0,176.6,140.0,138.1,157.5,126.8,78.0,41.3,26.3,1247.7,48.6,5.4,204.8,16.4,2.1,6.7
160,1992,Orebro,Svealand,27.3,67.7,82.5,70.0,47.4,62.8,79.5,67.7,32.7,14.0,3.5,555.1,46.7,3.2,100.4,18.1,0.6,6.74
161,1992,Västmanland,Svealand,14.6,28.1,39.7,39.1,20.9,35.8,50.5,45.2,19.0,4.8,1.0,298.7,49.6,1.9,64.2,21.5,0.3,6.42
162,1992,Dalarna,Svealand,78.4,263.1,260.1,157.4,121.4,122.4,164.4,223.1,204.5,170.4,98.3,1863.5,60.4,5.3,427.6,22.9,5.3,4.69
163,1992,Gävleborg,Södra Norrland,61.8,147.5,170.7,150.7,142.4,162.6,193.6,198.6,129.5,50.7,28.0,1436.1,54.1,5.5,328.1,22.8,1.9,6.01
164,1992,Västernorrland,Södra Norrland,83.7,183.0,221.2,135.2,114.5,129.8,183.4,241.0,205.8,103.3,36.8,1637.7,58.4,8.6,446.8,27.3,2.2,5.92
165,1992,Jämtland,Södra Norrland,114.6,300.0,240.6,160.9,139.5,114.8,211.0,289.2,395.0,324.1,200.6,2490.3,72.4,8.1,684.2,27.5,8.1,4.23
166,1992,Västerbotten,Norra Norrland,108.2,362.0,265.8,193.4,267.3,338.5,312.9,252.6,381.1,313.7,154.9,2950.4,64.8,5.3,633.7,21.5,5.3,3.73
167,1992,Norrbotten,Norra Norrland,96.1,395.4,311.3,277.1,284.5,369.6,352.2,303.6,345.8,256.2,217.5,3209.3,62.9,6.8,649.4,20.2,6.8,2.93
168,1993,Stockholm,Svealand,11.5,25.3,34.7,26.7,21.2,46.4,43.5,42.6,28.7,9.5,2.7,292.8,55.4,14.0,71.3,24.4,0.9,7.11
169,1993,Uppsala,Svealand,19.0,50.5,39.9,45.4,46.1,59.1,86.8,63.2,33.8,8.8,4.6,457.2,52.7,2.9,97.0,21.2,1.0,6.66
170,1993,Södermanland,Svealand,14.8,23.1,34.3,38.7,34.9,58.2,64.5,25.6,14.8,3.2,2.1,314.2,47.8,6.4,40.4,12.9,0.7,7.72
171,1993,Östergötland,Götaland,16.8,63.6,79.6,73.3,60.6,95.7,91.0,61.2,29.5,12.1,3.6,587.0,47.2,7.7,90.7,15.5,0.6,7.96
172,1993,Jönköping,Götaland,30.6,69.4,87.3,86.2,48.2,114.7,160.8,97.8,40.2,6.8,2.3,744.3,50.0,6.6,138.0,18.5,0.3,7.15
173,1993,Kronoberg,Götaland,22.0,47.5,68.3,66.5,44.7,127.6,148.4,70.9,29.7,4.5,1.2,631.3,50.5,0.9,100.6,15.9,0.2,6.36
174,1993,Kalmar,Götaland,35.2,79.0,81.3,66.9,56.0,121.8,137.5,85.7,47.6,11.6,4.2,726.8,50.0,8.7,133.3,18.3,0.6,7.22
175,1993,Gotland,Götaland,3.3,10.2,10.4,7.5,4.5,13.5,14.1,15.8,14.3,9.4,4.6,107.6,67.3,13.0,30.1,28.0,4.3,4.17
176,1993,Blekinge,Götaland,6.3,12.9,20.6,24.2,17.2,44.6,38.8,13.5,3.8,0.5,,182.4,45.2,2.4,17.3,9.5,0.0,8.34
177,1993,Skåne,Götaland,13.5,29.7,39.6,55.3,45.4,85.3,57.4,30.4,10.9,2.0,,369.5,44.0,3.5,41.3,11.2,0.0,8.24
178,1993,Halland,Götaland,7.1,20.1,28.7,30.6,29.6,66.2,59.1,24.9,8.8,2.0,,277.1,48.0,3.9,33.7,12.2,0.0,8.3
179,1993,Västra Götaland,Götaland,56.3,101.3,138.1,139.3,125.2,175.4,246.6,147.7,70.0,22.2,7.4,1229.5,50.4,8.1,217.7,17.7,0.6,7.66
180,1993,Värmland,Svealand,51.6,125.5,197.9,185.0,152.2,149.4,150.4,121.8,76.5,42.0,16.6,1268.9,46.9,4.6,198.3,15.6,1.3,6.7
181,1993,Orebro,Svealand,30.3,66.4,81.3,70.8,51.9,65.8,77.7,64.4,36.7,16.6,2.6,564.5,46.9,3.4,101.1,17.9,0.5,6.74
182,1993,Västmanland,Svealand,13.7,25.1,37.5,38.6,20.2,31.5,57.4,45.9,18.7,4.8,1.3,294.7,51.2,2.1,64.6,21.9,0.4,6.42
183,1993,Dalarna,Svealand,79.7,238.1,284.3,154.9,130.7,124.9,152.8,213.1,212.8,162.7,96.0,1850.0,60.0,5.2,425.9,23.0,5.2,4.69
184,1993,Gävleborg,Södra Norrland,58.3,151.6,182.1,154.2,147.6,170.1,188.8,205.3,127.9,50.5,27.9,1464.3,53.6,5.4,333.2,22.8,1.9,6.01
185,1993,Västernorrland,Södra Norrland,72.5,175.1,226.4,154.8,117.9,135.2,177.9,247.1,217.8,107.0,39.2,1670.9,59.3,8.7,464.9,27.8,2.3,5.92
186,1993,Jämtland,Södra Norrland,120.1,300.8,263.0,173.7,164.2,122.8,206.7,265.7,365.7,297.2,223.4,2503.3,70.6,8.9,631.4,25.2,8.9,4.23
187,1993,Västerbotten,Norra Norrland,109.1,340.1,276.7,198.0,246.4,330.1,315.5,258.9,382.2,302.9,132.5,2892.4,64.3,4.6,641.1,22.2,4.6,3.73
188,1993,Norrbotten,Norra Norrland,93.0,370.5,324.5,265.9,298.2,391.0,363.2,322.3,351.2,258.8,209.0,3247.6,63.2,6.4,673.5,20.7,6.4,2.93
189,1994,Stockholm,Svealand,11.0,23.8,39.0,23.7,23.5,44.9,44.8,47.4,26.5,9.4,3.8,297.8,55.9,13.3,73.9,24.8,1.3,7.11
190,1994,Uppsala,Svealand,19.6,46.9,36.7,49.6,49.4,60.3,78.5,59.8,34.2,7.5,3.5,446.0,51.9,2.5,94.0,21.1,0.8,6.66
191,1994,Södermanland,Svealand,17.0,25.3,34.0,41.3,34.8,57.8,54.9,26.4,14.3,3.5,1.8,311.1,46.3,6.3,40.7,13.1,0.6,7.72
192,1994,Östergötland,Götaland,14.6,61.5,78.6,72.4,70.4,96.9,85.9,63.6,28.2,11.1,3.7,586.9,47.1,7.3,91.8,15.6,0.6,7.96
193,1994,Jönköping,Götaland,27.4,64.9,84.5,82.4,52.0,112.2,168.9,99.1,39.5,11.4,3.1,745.4,51.5,7.2,138.6,18.6,0.4,7.15
194,1994,Kronoberg,Götaland,22.0,50.2,68.0,65.0,55.6,119.2,148.6,65.9,31.0,5.3,1.9,632.7,50.1,1.1,96.9,15.3,0.3,6.36
195,1994,Kalmar,Götaland,33.1,79.2,80.9,68.5,58.3,112.8,131.9,84.1,52.0,9.9,3.6,714.3,50.0,9.2,136.1,19.1,0.5,7.22
196,1994,Gotland,Götaland,4.3,9.0,9.5,7.4,4.7,14.1,14.1,16.8,13.6,8.5,5.6,107.6,67.9,13.1,30.4,28.3,5.2,4.17
197,1994,Blekinge,Götaland,6.4,14.0,23.1,23.5,17.8,40.9,40.7,13.5,5.8,0.5,,186.2,45.5,3.4,19.3,10.4,0.0,8.34
198,1994,Skåne,Götaland,13.2,29.9,37.5,55.5,49.5,79.6,56.3,30.3,11.7,2.0,0.2,365.7,44.1,3.8,42.0,11.5,0.1,8.24
199,1994,Halland,Götaland,6.7,20.1,28.7,31.7,30.2,59.8,60.6,28.4,9.3,2.5,0.2,278.2,48.9,4.3,37.7,13.6,0.1,8.3
200,1994,Västra Götaland,Götaland,59.2,104.5,141.0,145.1,131.0,183.2,242.9,147.2,69.4,25.4,8.1,1257.0,50.0,8.2,216.6,17.2,0.6,7.66
201,1994,Värmland,Svealand,52.1,125.2,200.1,181.2,168.9,151.3,136.4,113.1,79.3,41.2,13.9,1262.7,46.0,4.4,192.4,15.2,1.1,6.7
202,1994,Orebro,Svealand,31.7,67.1,80.9,73.8,54.5,70.2,80.4,60.9,32.5,15.9,2.0,569.9,45.8,3.1,93.4,16.4,0.4,6.74
203,1994,Västmanland,Svealand,13.0,28.2,46.0,39.6,18.5,32.0,56.6,50.3,18.8,3.6,1.3,307.9,50.0,1.6,69.1,22.4,0.4,6.42
204,1994,Dalarna,Svealand,81.5,218.2,290.6,145.1,139.9,115.3,157.2,202.8,211.8,166.0,104.9,1833.3,61.0,5.7,414.6,22.6,5.7,4.69
205,1994,Gävleborg,Södra Norrland,61.6,149.6,184.9,156.0,149.7,163.9,192.7,200.9,113.5,55.9,28.9,1457.6,53.1,5.8,314.4,21.6,2.0,6.01
206,1994,Västernorrland,Södra Norrland,67.8,186.1,237.7,168.7,122.0,133.4,186.8,237.6,209.4,107.6,42.8,1699.9,58.3,8.8,447.0,26.3,2.5,5.92
207,1994,Jämtland,Södra Norrland,103.1,295.1,265.5,174.7,161.9,134.1,189.0,272.5,354.1,289.3,231.5,2470.8,71.0,9.4,626.6,25.4,9.4,4.23
208,1994,Västerbotten,Norra Norrland,114.7,329.6,272.9,199.9,263.5,361.5,335.7,257.8,356.4,284.3,135.4,2911.7,63.4,4.7,614.2,21.1,4.7,3.73
209,1994,Norrbotten,Norra Norrland,88.5,332.6,338.1,270.9,324.4,403.3,378.5,333.5,346.1,264.9,192.4,3273.2,63.1,5.9,679.6,20.8,5.9,2.93
210,1995,Stockholm,Svealand,11.5,20.7,33.9,25.8,23.5,40.2,43.2,43.2,26.0,9.2,3.8,281.0,56.3,13.9,69.2,24.6,1.4,7.11
211,1995,Uppsala,Svealand,17.7,46.2,37.8,48.1,55.8,57.7,78.5,65.9,33.7,7.2,2.0,450.6,52.0,2.0,99.6,22.1,0.4,6.66
212,1995,Södermanland,Svealand,16.3,23.7,33.7,42.7,40.5,63.3,57.5,29.9,11.3,2.6,1.8,323.3,46.2,4.9,41.2,12.7,0.6,7.72
213,1995,Östergötland,Götaland,14.5,62.3,77.5,72.4,76.3,92.5,90.6,68.3,30.4,10.0,3.8,598.6,47.6,7.4,98.7,16.5,0.6,7.96
214,1995,Jönköping,Götaland,27.9,66.7,85.3,90.8,55.2,108.1,160.0,93.5,42.7,9.7,4.0,743.9,50.6,7.6,136.2,18.3,0.5,7.15
215,1995,Kronoberg,Götaland,21.1,56.5,62.8,68.4,63.4,110.7,136.8,63.6,31.7,6.1,1.9,623.0,49.4,1.3,95.3,15.3,0.3,6.36
216,1995,Kalmar,Götaland,33.8,76.7,81.1,73.0,60.9,106.7,122.7,80.4,49.5,9.5,3.8,698.1,49.1,9.0,129.9,18.6,0.5,7.22
217,1995,Gotland,Götaland,5.1,10.0,11.0,10.2,4.5,15.7,15.4,14.9,14.4,7.4,4.8,113.4,63.7,10.8,29.3,25.8,4.2,4.17
218,1995,Blekinge,Götaland,6.1,14.9,23.0,21.7,20.1,38.5,44.0,13.0,4.8,,,186.1,45.1,2.6,17.8,9.6,0.0,8.34
219,1995,Skåne,Götaland,14.4,32.0,40.8,55.2,52.5,75.6,55.8,29.3,12.2,1.8,0.2,369.8,43.3,3.8,41.5,11.2,0.1,8.24
220,1995,Halland,Götaland,6.3,18.7,28.7,30.5,30.6,60.9,64.0,27.7,8.0,1.9,0.2,277.5,48.9,3.6,35.7,12.9,0.1,8.3
221,1995,Västra Götaland,Götaland,60.7,102.7,139.2,140.9,133.2,181.4,229.3,144.6,62.4,25.3,8.9,1228.6,49.5,7.9,207.0,16.8,0.7,7.66
222,1995,Värmland,Svealand,52.8,130.1,197.0,188.6,176.6,161.2,132.2,113.4,79.7,38.7,17.2,1287.5,45.8,4.3,193.1,15.0,1.3,6.7
223,1995,Orebro,Svealand,28.2,62.8,82.9,81.1,57.8,68.5,80.5,63.9,31.4,13.5,2.4,573.0,45.7,2.8,95.3,16.6,0.4,6.74
224,1995,Västmanland,Svealand,11.8,31.3,43.7,40.4,20.6,35.3,50.0,44.9,23.0,3.6,1.9,306.5,49.8,1.8,67.9,22.2,0.6,6.42
225,1995,Dalarna,Svealand,81.6,219.2,303.6,144.9,153.9,131.4,151.0,205.1,219.0,158.3,112.4,1880.4,60.7,6.0,424.1,22.6,6.0,4.69
226,1995,Gävleborg,Södra Norrland,63.3,143.4,195.8,160.5,159.1,173.5,193.0,200.3,115.0,49.0,30.1,1483.0,52.5,5.3,315.3,21.3,2.0,6.01
227,1995,Västernorrland,Södra Norrland,72.2,197.8,224.9,168.9,123.1,140.4,179.2,204.3,201.3,116.9,46.0,1675.0,57.7,9.7,405.6,24.2,2.7,5.92
228,1995,Jämtland,Södra Norrland,115.2,287.0,276.3,165.2,157.5,146.4,184.0,272.7,335.3,277.5,239.9,2457.0,70.5,9.8,608.0,24.7,9.8,4.23
229,1995,Västerbotten,Norra Norrland,123.4,296.8,289.2,208.4,250.9,381.8,338.1,267.4,345.0,299.9,132.4,2933.3,63.6,4.5,612.4,20.9,4.5,3.73
230,1995,Norrbotten,Norra Norrland,90.9,330.9,337.5,252.6,330.6,405.4,393.8,317.6,328.2,268.4,192.4,3248.3,63.0,5.9,645.8,19.9,5.9,2.93
231,1996,Stockholm,Svealand,12.8,23.5,38.1,26.2,25.2,39.8,42.4,39.0,28.4,11.2,7.0,293.6,56.4,15.9,67.4,23.0,2.4,7.11
232,1996,Uppsala,Svealand,17.6,46.5,42.4,47.1,56.2,60.9,71.8,62.9,31.3,7.0,2.4,446.1,50.8,2.1,94.2,21.1,0.5,6.66
233,1996,Södermanland,Svealand,14.8,27.4,37.3,44.1,41.3,62.5,57.3,32.9,10.7,3.0,1.2,332.5,45.6,4.5,43.6,13.1,0.4,7.72
234,1996,Östergötland,Götaland,15.0,54.8,72.2,77.7,76.0,87.6,92.6,69.2,23.9,11.2,4.8,585.0,47.9,6.8,93.1,15.9,0.8,7.96
235,1996,Jönköping,Götaland,30.7,68.9,76.6,86.7,62.0,102.4,163.4,94.1,44.7,9.6,4.0,743.1,51.0,7.8,138.8,18.7,0.5,7.15
236,1996,Kronoberg,Götaland,20.7,55.1,57.0,67.5,58.0,102.4,137.0,67.3,37.6,8.4,2.6,613.6,51.3,1.8,104.9,17.1,0.4,6.36
237,1996,Kalmar,Götaland,28.3,66.7,84.5,72.4,65.3,97.8,126.8,72.8,60.8,8.3,5.2,688.9,50.7,10.8,133.6,19.4,0.8,7.22
238,1996,Gotland,Götaland,5.1,7.0,12.7,10.1,3.3,16.5,17.2,16.5,12.8,6.7,4.6,112.5,63.9,4.1,29.3,26.0,4.1,4.17
239,1996,Blekinge,Götaland,5.9,13.6,20.7,22.5,18.5,36.7,49.2,16.3,5.9,1.4,0.4,191.1,48.5,4.0,22.2,11.6,0.2,8.34
240,1996,Skåne,Götaland,13.4,30.2,36.7,47.3,58.0,79.4,58.6,29.8,11.8,2.5,0.2,367.9,44.6,3.9,41.6,11.3,0.1,8.24
241,1996,Halland,Götaland,7.1,18.8,30.6,28.3,29.9,63.6,63.0,28.6,7.3,2.1,0.6,279.9,48.9,3.6,35.9,12.8,0.2,8.3
242,1996,Västra Götaland,Götaland,57.2,107.0,140.4,143.8,139.9,182.9,225.4,137.2,61.6,28.6,6.6,1230.6,49.0,7.9,198.8,16.2,0.5,7.66
243,1996,Värmland,Svealand,53.2,119.1,187.4,189.6,181.1,170.3,138.2,119.4,78.3,38.1,17.4,1292.1,46.6,4.3,197.7,15.3,1.3,6.7
244,1996,Orebro,Svealand,27.5,56.6,84.0,77.3,66.7,70.2,81.3,61.7,31.6,11.5,1.5,569.9,45.6,2.3,93.3,16.4,0.3,6.74
245,1996,Västmanland,Svealand,12.8,32.5,39.3,41.4,21.5,37.3,56.4,37.0,24.6,5.4,2.2,310.4,50.2,2.4,61.6,19.8,0.7,6.42
246,1996,Dalarna,Svealand,66.0,201.7,301.6,172.6,156.2,146.0,147.9,201.7,207.8,153.8,112.2,1867.5,60.5,6.0,409.5,21.9,6.0,4.69
247,1996,Gävleborg,Södra Norrland,60.2,143.2,194.6,155.8,153.6,164.8,184.4,196.9,112.5,62.1,30.2,1458.3,53.3,6.3,309.4,21.2,2.1,6.01
248,1996,Västernorrland,Södra Norrland,79.3,186.7,201.3,167.3,130.2,136.5,167.6,180.2,202.4,116.4,50.0,1617.9,58.1,10.3,382.6,23.6,3.1,5.92
249,1996,Jämtland,Södra Norrland,117.1,263.4,280.8,174.9,155.2,169.7,186.0,280.8,324.8,280.4,226.7,2459.8,70.0,9.2,605.6,24.6,9.2,4.23
250,1996,Västerbotten,Norra Norrland,126.2,286.4,319.4,216.3,245.3,376.5,345.8,294.6,314.2,284.8,141.1,2950.6,62.9,4.8,608.8,20.6,4.8,3.73
251,1996,Norrbotten,Norra Norrland,107.5,279.3,366.7,275.7,334.6,431.2,428.4,321.3,310.5,276.7,199.8,3331.7,62.9,6.0,631.8,19.0,6.0,2.93
252,1997,Stockholm,Svealand,10.7,23.1,33.9,20.6,25.4,39.7,45.3,40.8,20.6,9.5,6.3,275.9,56.1,13.2,61.4,22.3,2.3,7.11
253,1997,Uppsala,Svealand,18.5,49.3,43.5,49.4,50.2,63.0,71.6,66.1,33.5,6.5,2.0,453.6,50.8,1.9,99.6,22.0,0.4,6.66
254,1997,Södermanland,Svealand,13.2,29.6,36.5,42.5,46.3,61.0,58.2,32.8,7.8,2.8,2.9,333.6,45.5,4.0,40.6,12.2,0.9,7.72
255,1997,Östergötland,Götaland,17.2,59.6,82.8,81.6,84.9,79.5,94.3,68.6,29.3,13.7,5.7,617.2,47.6,7.9,97.9,15.9,0.9,7.96
256,1997,Jönköping,Götaland,29.4,65.3,71.4,85.4,60.5,94.7,150.2,95.9,47.1,11.9,4.6,716.4,52.0,8.9,143.0,20.0,0.6,7.15
257,1997,Kronoberg,Götaland,20.2,61.3,59.6,69.3,72.7,109.9,128.3,67.4,33.4,8.7,2.7,633.5,49.6,1.8,100.8,15.9,0.4,6.36
258,1997,Kalmar,Götaland,26.1,63.2,84.6,70.3,66.3,93.9,119.2,71.3,63.3,9.4,3.6,671.2,51.0,11.4,134.6,20.1,0.5,7.22
259,1997,Gotland,Götaland,6.8,5.9,12.2,9.5,5.0,15.1,17.2,16.9,13.2,7.8,6.1,115.7,65.9,5.3,30.1,26.0,5.3,4.17
260,1997,Blekinge,Götaland,5.1,13.7,21.0,23.6,18.4,36.5,48.9,15.3,7.3,1.4,0.4,191.6,48.7,4.7,22.6,11.8,0.2,8.34
261,1997,Skåne,Götaland,12.2,28.9,30.6,42.9,55.4,80.2,53.0,28.3,11.4,4.6,0.2,347.7,45.5,4.7,39.7,11.4,0.1,8.24
262,1997,Halland,Götaland,7.7,19.7,29.1,30.4,29.2,61.3,64.3,30.2,7.7,2.0,0.8,282.4,49.2,3.7,37.9,13.4,0.3,8.3
263,1997,Västra Götaland,Götaland,51.7,104.3,157.1,141.4,137.4,184.3,217.5,136.9,63.5,28.0,7.0,1229.1,48.9,8.0,200.4,16.3,0.6,7.66
264,1997,Värmland,Svealand,59.1,117.8,185.7,180.7,190.0,177.9,126.7,118.7,75.5,49.6,20.5,1302.2,47.2,5.4,194.2,14.9,1.6,6.7
265,1997,Orebro,Svealand,21.6,53.7,75.1,85.5,69.3,73.4,87.4,58.5,35.4,15.2,2.2,577.3,47.5,3.0,93.9,16.3,0.4,6.74
266,1997,Västmanland,Svealand,14.9,31.9,32.2,36.5,19.0,38.9,55.5,36.4,21.4,6.4,1.5,294.6,50.5,2.7,57.8,19.6,0.5,6.42
267,1997,Dalarna,Svealand,71.4,181.7,297.2,179.9,154.5,161.0,152.8,200.3,222.7,158.9,119.8,1900.2,61.9,6.3,423.0,22.3,6.3,4.69
268,1997,Gävleborg,Södra Norrland,60.0,135.9,189.2,164.6,154.8,169.5,180.5,201.5,129.9,61.3,31.8,1479.0,54.3,6.3,331.4,22.4,2.2,6.01
269,1997,Västernorrland,Södra Norrland,75.7,189.2,215.8,180.1,121.4,145.8,161.5,184.4,193.9,124.2,53.4,1645.4,57.9,10.8,378.3,23.0,3.2,5.92
270,1997,Jämtland,Södra Norrland,131.4,258.3,310.8,196.1,151.6,184.7,175.5,267.3,298.7,273.6,246.6,2494.6,68.6,9.9,566.0,22.7,9.9,4.23
271,1997,Västerbotten,Norra Norrland,131.4,290.1,344.2,219.9,249.0,402.9,360.3,302.8,307.0,275.9,143.4,3026.9,62.0,4.7,609.8,20.1,4.7,3.73
272,1997,Norrbotten,Norra Norrland,106.9,257.1,378.6,299.6,354.2,443.9,423.2,293.7,276.4,281.8,208.7,3324.1,62.3,6.3,570.1,17.2,6.3,2.93
273,1998,Stockholm,Svealand,11.7,21.9,34.5,24.0,22.8,33.5,40.1,32.5,19.0,10.5,7.1,257.6,54.9,14.2,51.5,20.0,2.8,7.11
274,1998,Uppsala,Svealand,15.5,45.6,47.6,44.5,52.8,68.2,71.5,65.6,30.5,6.8,2.0,450.6,50.9,2.0,96.1,21.3,0.4,6.66
275,1998,Södermanland,Svealand,13.2,30.0,37.3,45.7,52.1,67.1,56.3,33.3,4.8,2.8,2.3,344.9,44.3,2.9,38.1,11.0,0.7,7.72
276,1998,Östergötland,Götaland,16.9,55.5,81.7,78.2,87.9,73.8,91.5,69.5,28.9,12.4,7.3,603.6,48.1,8.1,98.4,16.3,1.2,7.96
277,1998,Jönköping,Götaland,27.1,68.3,65.7,83.2,66.9,90.0,145.9,86.5,46.8,13.4,6.2,700.0,52.0,9.5,133.3,19.0,0.9,7.15
278,1998,Kronoberg,Götaland,22.2,62.0,55.3,72.7,83.0,107.4,126.1,67.7,32.1,8.7,2.1,639.3,49.0,1.7,99.8,15.6,0.3,6.36
279,1998,Kalmar,Götaland,24.7,59.3,88.1,69.4,68.3,101.6,124.3,75.7,61.7,10.0,5.0,688.1,51.7,11.1,137.4,20.0,0.7,7.22
280,1998,Gotland,Götaland,6.1,4.2,13.3,11.0,5.6,13.8,15.0,15.1,11.8,11.4,6.8,114.1,67.7,6.0,26.9,23.6,6.0,4.17
281,1998,Blekinge,Götaland,4.1,12.5,21.0,21.0,20.0,37.2,52.7,15.6,7.6,1.4,0.4,193.5,50.0,4.9,23.2,12.0,0.2,8.34
282,1998,Skåne,Götaland,13.1,27.5,26.5,40.4,55.6,81.7,53.9,28.6,11.6,5.6,0.6,345.1,46.6,5.2,40.2,11.6,0.2,8.24
283,1998,Halland,Götaland,6.6,21.9,28.8,31.0,28.1,59.2,64.1,30.7,7.5,1.6,0.8,280.3,48.9,3.5,38.2,13.6,0.3,8.3
284,1998,Västra Götaland,Götaland,49.6,117.1,168.8,145.0,132.1,183.6,215.0,131.6,63.3,26.5,8.6,1241.2,48.0,7.9,194.9,15.7,0.7,7.66
285,1998,Värmland,Svealand,53.2,117.6,168.3,166.4,192.8,182.3,123.6,120.6,78.8,49.0,29.4,1282.0,49.0,6.1,199.4,15.6,2.3,6.7
286,1998,Orebro,Svealand,16.5,50.7,68.8,94.0,72.7,69.4,93.1,51.8,31.7,12.9,3.2,564.8,47.2,2.9,83.5,14.8,0.6,6.74
287,1998,Västmanland,Svealand,12.0,33.7,36.2,36.4,20.1,40.7,47.8,36.2,18.8,8.1,0.9,290.9,49.3,3.1,55.0,18.9,0.3,6.42
288,1998,Dalarna,Svealand,67.6,174.5,282.7,186.9,151.5,173.1,154.4,198.5,214.7,161.3,129.2,1894.4,62.7,6.8,413.2,21.8,6.8,4.69
289,1998,Gävleborg,Södra Norrland,64.8,132.2,178.3,167.7,155.2,164.2,168.3,184.1,132.2,70.7,35.0,1452.7,54.8,7.3,316.3,21.8,2.4,6.01
290,1998,Västernorrland,Södra Norrland,84.0,201.4,225.8,174.4,118.3,150.2,148.7,173.0,182.1,116.3,53.5,1627.7,56.0,10.4,355.1,21.8,3.3,5.92
291,1998,Jämtland,Södra Norrland,133.4,240.8,309.8,198.8,137.2,181.0,169.0,274.5,318.5,287.2,251.5,2501.7,70.2,10.1,593.0,23.7,10.1,4.23
292,1998,Västerbotten,Norra Norrland,130.4,283.2,339.3,224.5,263.8,435.4,340.6,306.1,311.2,294.2,162.8,3091.5,63.0,5.3,617.3,20.0,5.3,3.73
293,1998,Norrbotten,Norra Norrland,115.7,241.4,381.5,301.5,337.1,460.8,399.7,271.0,276.3,273.9,208.2,3267.1,62.0,6.4,547.3,16.8,6.4,2.93
294,1999,Stockholm,Svealand,11.5,22.6,33.0,26.4,23.2,33.3,39.6,29.9,19.6,12.7,7.3,259.1,55.2,15.3,49.5,19.1,2.8,7.11
295,1999,Uppsala,Svealand,15.6,47.8,49.3,37.7,51.4,68.2,74.8,62.4,33.5,7.5,3.2,451.4,51.7,2.4,95.9,21.2,0.7,6.66
296,1999,Södermanland,Svealand,13.3,32.3,35.1,39.8,50.5,64.8,64.2,32.9,8.0,3.3,2.3,346.5,45.8,3.9,40.9,11.8,0.7,7.72
297,1999,Östergötland,Götaland,17.2,59.1,72.8,77.1,81.5,76.7,87.3,63.6,29.2,13.7,7.2,585.4,48.1,8.6,92.8,15.9,1.2,7.96
298,1999,Jönköping,Götaland,28.1,71.6,70.4,80.2,72.8,96.5,135.3,89.3,50.8,9.3,6.9,711.2,51.3,9.4,140.1,19.7,1.0,7.15
299,1999,Kronoberg,Götaland,21.6,62.4,48.5,73.3,79.4,111.6,117.1,80.6,31.0,8.3,1.7,635.5,49.8,1.6,111.6,17.6,0.3,6.36
300,1999,Kalmar,Götaland,24.3,61.7,84.0,73.1,63.6,102.8,127.8,73.2,56.1,10.1,6.1,682.8,51.3,10.6,129.3,18.9,0.9,7.22
301,1999,Gotland,Götaland,5.5,4.5,13.3,11.7,5.7,13.0,14.3,14.4,10.4,12.1,6.1,111.0,66.8,5.5,24.8,22.3,5.5,4.17
302,1999,Blekinge,Götaland,4.0,10.9,18.3,21.7,16.7,36.2,49.3,14.8,5.6,1.4,0.4,179.3,49.9,4.1,20.4,11.4,0.2,8.34
303,1999,Skåne,Götaland,14.5,27.4,24.1,34.6,54.9,80.4,52.1,30.1,14.6,6.9,0.4,340.0,48.0,6.4,44.7,13.1,0.1,8.24
304,1999,Halland,Götaland,6.5,23.7,27.5,30.8,27.9,62.5,65.7,30.7,7.4,2.1,0.6,285.4,49.0,3.5,38.1,13.3,0.2,8.3
305,1999,Västra Götaland,Götaland,40.4,126.8,158.2,150.1,137.0,193.1,215.7,123.9,63.4,24.7,8.0,1241.3,47.8,7.7,187.3,15.1,0.6,7.66
306,1999,Värmland,Svealand,52.9,119.6,158.3,158.7,181.1,199.9,127.5,122.7,75.4,52.8,30.7,1279.6,49.8,6.5,198.1,15.5,2.4,6.7
307,1999,Orebro,Svealand,16.6,46.6,69.4,100.1,79.3,63.1,88.6,47.0,31.9,12.9,3.3,558.8,46.6,2.9,78.9,14.1,0.6,6.74
308,1999,Västmanland,Svealand,12.6,35.2,34.2,36.3,20.0,40.3,49.6,36.1,18.6,10.0,2.3,295.2,50.3,4.2,54.7,18.5,0.8,6.42
309,1999,Dalarna,Svealand,67.5,167.8,286.8,193.7,149.7,199.5,145.1,205.9,205.4,154.0,126.7,1902.1,62.0,6.7,411.3,21.6,6.7,4.69
310,1999,Gävleborg,Södra Norrland,64.6,133.9,162.3,174.6,155.7,180.7,162.9,187.8,132.4,73.5,30.6,1459.0,54.8,7.1,320.2,21.9,2.1,6.01
311,1999,Västernorrland,Södra Norrland,83.9,189.3,231.3,178.0,133.1,167.7,130.7,168.8,180.4,112.8,58.9,1634.9,55.8,10.5,349.2,21.4,3.6,5.92
312,1999,Jämtland,Södra Norrland,131.0,236.8,347.9,210.5,150.4,191.0,154.8,259.8,318.3,296.8,258.1,2555.4,69.4,10.1,578.1,22.6,10.1,4.23
313,1999,Västerbotten,Norra Norrland,129.5,277.9,340.3,249.7,252.1,422.3,313.3,299.4,313.3,291.8,177.6,3067.2,63.3,5.8,612.7,20.0,5.8,3.73
314,1999,Norrbotten,Norra Norrland,112.8,229.2,402.0,297.1,315.5,498.9,414.5,259.1,270.2,277.7,212.8,3289.8,62.1,6.5,529.3,16.1,6.5,2.93
315,2000,Stockholm,Svealand,10.6,21.5,29.9,24.5,21.4,31.7,38.4,29.0,17.8,13.1,6.6,244.5,55.7,15.3,46.8,19.1,2.7,7.11
316,2000,Uppsala,Svealand,16.2,48.9,52.7,39.1,46.8,71.7,70.1,59.4,37.5,6.4,5.0,453.8,51.7,2.5,96.9,21.4,1.1,6.66
317,2000,Södermanland,Svealand,12.9,30.0,34.5,40.8,41.8,60.7,64.0,27.2,12.0,3.2,2.9,330.0,46.6,5.5,39.2,11.9,0.9,7.72
318,2000,Östergötland,Götaland,20.1,60.1,72.6,75.9,77.6,86.0,77.8,57.5,25.7,17.4,7.9,578.6,47.4,8.8,83.2,14.4,1.4,7.96
319,2000,Jönköping,Götaland,24.3,75.6,65.6,69.3,76.8,99.5,127.4,90.6,54.2,11.4,6.5,701.2,52.2,10.3,144.8,20.7,0.9,7.15
320,2000,Kronoberg,Götaland,16.7,60.5,53.5,79.7,71.2,118.5,126.4,82.4,30.5,7.8,1.7,648.9,50.2,1.5,112.9,17.4,0.3,6.36
321,2000,Kalmar,Götaland,29.7,70.3,90.0,70.4,66.8,103.3,129.7,86.6,59.4,11.9,6.8,724.9,51.5,10.8,146.0,20.1,0.9,7.22
322,2000,Gotland,Götaland,5.2,4.4,11.2,9.2,5.5,10.4,13.0,17.0,11.0,12.2,9.6,108.7,73.3,8.8,28.0,25.8,8.8,4.17
323,2000,Blekinge,Götaland,3.9,10.0,17.8,23.1,16.7,35.1,46.2,15.3,5.4,1.4,0.4,175.3,49.7,4.1,20.7,11.8,0.2,8.34
324,2000,Skåne,Götaland,13.3,26.3,20.3,29.3,52.9,79.4,52.8,35.2,15.4,8.4,1.2,334.5,50.6,7.5,50.6,15.1,0.4,8.24
325,2000,Halland,Götaland,6.5,28.7,27.6,32.1,25.3,61.2,61.9,29.9,9.5,2.9,0.6,286.2,48.6,4.5,39.4,13.8,0.2,8.3
326,2000,Västra Götaland,Götaland,40.3,133.7,165.2,153.3,147.0,204.4,212.7,124.3,72.4,25.1,7.9,1286.3,47.7,8.2,196.7,15.3,0.6,7.66
327,2000,Värmland,Svealand,47.8,118.6,156.2,157.7,184.5,208.9,124.4,127.7,81.8,52.7,28.5,1288.8,50.3,6.3,209.5,16.3,2.2,6.7
328,2000,Orebro,Svealand,16.8,48.0,62.4,91.8,83.1,70.4,91.0,43.5,30.7,14.6,2.8,555.1,47.0,3.1,74.2,13.4,0.5,6.74
329,2000,Västmanland,Svealand,15.3,36.6,35.6,31.1,18.5,34.1,46.7,35.0,16.4,9.7,2.7,281.7,49.2,4.4,51.4,18.2,1.0,6.42
330,2000,Dalarna,Svealand,66.1,167.5,259.4,213.3,136.6,193.9,142.8,193.9,202.9,168.2,127.8,1872.4,62.9,6.8,396.8,21.2,6.8,4.69
331,2000,Gävleborg,Södra Norrland,67.7,147.2,139.5,179.4,146.7,195.2,156.9,170.4,133.0,82.1,28.7,1446.8,54.7,7.7,303.4,21.0,2.0,6.01
332,2000,Västernorrland,Södra Norrland,78.5,185.9,227.5,192.5,133.7,159.3,142.5,168.9,192.5,114.1,64.1,1659.5,56.8,10.7,361.4,21.8,3.9,5.92
333,2000,Jämtland,Södra Norrland,135.9,232.1,356.4,252.4,162.4,194.3,147.6,243.0,317.2,307.7,259.2,2608.2,68.4,9.9,560.2,21.5,9.9,4.23
334,2000,Västerbotten,Norra Norrland,120.9,279.0,349.8,249.1,253.4,431.6,303.7,308.4,314.2,301.5,190.9,3102.5,63.9,6.2,622.6,20.1,6.2,3.73
335,2000,Norrbotten,Norra Norrland,108.4,201.8,379.9,328.9,331.3,545.0,390.3,273.1,274.4,253.6,214.1,3300.8,62.0,6.5,547.5,16.6,6.5,2.93
336,2001,Stockholm,Svealand,11.9,15.6,27.0,25.6,20.7,29.8,37.2,29.8,14.8,12.1,3.8,228.3,54.8,13.4,44.6,19.5,1.7,7.11
337,2001,Uppsala,Svealand,19.4,50.6,54.6,35.2,44.7,73.7,77.6,55.4,41.9,7.6,5.3,466.0,52.1,2.8,97.3,20.9,1.1,6.66
338,2001,Södermanland,Svealand,13.5,26.7,33.2,36.7,40.9,69.1,62.1,31.4,11.8,3.0,3.1,331.5,47.9,5.4,43.2,13.0,0.9,7.72
339,2001,Östergötland,Götaland,21.6,61.2,76.8,73.5,82.5,93.4,71.7,58.5,33.0,17.2,8.0,597.4,47.7,9.7,91.5,15.3,1.3,7.96
340,2001,Jönköping,Götaland,21.4,72.4,70.9,75.3,82.9,113.5,120.1,92.1,51.7,17.6,7.4,725.3,52.4,10.6,143.8,19.8,1.0,7.15
341,2001,Kronoberg,Götaland,16.2,66.5,58.6,81.4,81.5,119.3,118.0,78.5,29.4,6.0,1.0,656.4,48.3,1.1,107.9,16.4,0.2,6.36
342,2001,Kalmar,Götaland,35.9,70.6,89.1,72.7,72.0,102.2,120.2,92.1,49.6,12.1,6.6,723.1,50.1,9.4,141.7,19.6,0.9,7.22
343,2001,Gotland,Götaland,6.5,4.4,13.2,8.3,6.5,9.9,10.4,13.0,12.4,13.6,10.5,108.7,72.9,9.7,25.4,23.4,9.7,4.17
344,2001,Blekinge,Götaland,3.4,10.9,19.4,25.6,18.8,34.0,39.3,15.6,3.8,,,170.8,46.5,2.2,19.4,11.4,0.0,8.34
345,2001,Skåne,Götaland,15.8,27.4,26.4,35.4,47.2,76.8,49.7,36.3,17.3,8.7,1.2,342.2,49.6,7.9,53.6,15.7,0.4,8.24
346,2001,Halland,Götaland,6.6,32.4,25.1,35.6,28.1,60.3,60.6,28.0,9.5,2.5,0.2,288.9,47.2,4.2,37.5,13.0,0.1,8.3
347,2001,Västra Götaland,Götaland,42.5,133.4,156.1,150.9,146.1,210.1,203.4,125.6,73.7,23.0,9.6,1274.4,47.9,8.3,199.3,15.6,0.8,7.66
348,2001,Värmland,Svealand,50.7,119.1,161.0,158.1,186.2,223.0,112.7,114.1,83.4,55.8,30.4,1294.5,49.9,6.7,197.5,15.3,2.3,6.7
349,2001,Orebro,Svealand,17.7,46.7,63.8,96.0,86.5,69.1,86.6,41.2,33.0,15.4,3.8,559.8,46.9,3.4,74.2,13.3,0.7,6.74
350,2001,Västmanland,Svealand,14.4,35.8,34.8,30.4,20.0,30.9,40.6,34.8,17.2,9.2,3.7,271.8,49.5,4.7,52.0,19.1,1.4,6.42
351,2001,Dalarna,Svealand,76.5,173.6,246.9,216.5,141.6,186.4,130.2,178.4,189.3,163.0,147.2,1849.6,62.7,8.0,367.7,19.9,8.0,4.69
352,2001,Gävleborg,Södra Norrland,71.5,151.4,137.5,179.7,147.2,218.5,151.2,161.9,145.4,75.2,32.2,1471.7,54.5,7.3,307.3,20.9,2.2,6.01
353,2001,Västernorrland,Södra Norrland,79.3,178.6,237.3,194.8,134.2,179.4,158.5,188.0,182.2,105.8,65.4,1703.5,56.5,10.0,370.2,21.7,3.8,5.92
354,2001,Jämtland,Södra Norrland,129.3,226.8,359.5,238.9,164.6,200.3,147.0,229.5,323.4,316.0,275.5,2610.8,69.6,10.6,552.9,21.2,10.6,4.23
355,2001,Västerbotten,Norra Norrland,136.7,275.2,324.3,280.8,232.6,446.3,315.9,308.2,309.5,270.0,225.8,3125.3,64.2,7.2,617.7,19.8,7.2,3.73
356,2001,Norrbotten,Norra Norrland,110.9,214.0,365.8,318.6,341.3,579.0,373.7,269.9,266.2,251.9,225.6,3316.9,61.9,6.8,536.1,16.2,6.8,2.93
357,2002,Stockholm,Svealand,13.4,14.6,28.1,29.6,18.9,35.0,36.9,27.1,22.7,12.3,6.0,244.6,56.6,16.8,49.8,20.4,2.5,7.11
358,2002,Uppsala,Svealand,21.8,47.3,55.8,34.9,50.5,74.9,81.8,59.5,39.8,11.2,5.9,483.4,52.8,3.5,99.3,20.5,1.2,6.66
359,2002,Södermanland,Svealand,11.5,24.2,36.5,39.9,33.1,74.1,59.2,30.2,13.2,3.7,2.7,328.3,48.2,6.0,43.4,13.2,0.8,7.72
360,2002,Östergötland,Götaland,23.7,65.1,64.7,74.1,85.2,103.4,71.6,64.9,34.4,17.6,8.4,613.1,48.5,9.9,99.3,16.2,1.4,7.96
361,2002,Jönköping,Götaland,19.7,71.1,69.9,73.0,86.9,121.0,114.8,92.4,52.7,18.7,6.9,727.1,52.7,10.8,145.1,20.0,0.9,7.15
362,2002,Kronoberg,Götaland,16.6,57.6,57.4,84.8,72.3,111.4,120.3,77.9,29.4,5.2,1.1,634.0,49.0,1.0,107.3,16.9,0.2,6.36
363,2002,Kalmar,Götaland,34.2,72.7,82.6,73.9,74.8,104.1,122.1,88.2,47.9,12.8,7.4,720.7,50.2,9.4,136.1,18.9,1.0,7.22
364,2002,Gotland,Götaland,4.1,5.5,14.7,9.1,5.7,10.2,9.7,9.4,11.8,13.6,11.2,105.0,72.7,10.7,21.2,20.2,10.7,4.17
365,2002,Blekinge,Götaland,4.5,10.6,17.3,24.8,21.4,31.1,36.8,14.9,5.3,,,166.7,46.6,3.2,20.2,12.1,0.0,8.34
366,2002,Skåne,Götaland,18.3,29.4,27.7,32.7,48.8,78.4,55.5,37.6,17.1,7.1,1.2,353.8,49.1,7.2,54.7,15.5,0.3,8.24
367,2002,Halland,Götaland,6.8,30.1,24.7,33.7,35.5,56.2,60.5,28.0,9.5,2.1,0.2,287.3,47.3,4.1,37.5,13.1,0.1,8.3
368,2002,Västra Götaland,Götaland,38.4,131.9,129.7,149.3,153.3,224.0,189.1,125.8,75.7,23.2,10.9,1251.3,48.7,8.8,201.5,16.1,0.9,7.66
369,2002,Värmland,Svealand,45.6,127.9,157.6,165.0,184.4,248.7,106.6,108.9,80.4,52.1,29.7,1306.9,49.0,6.3,189.3,14.5,2.3,6.7
370,2002,Orebro,Svealand,26.0,47.9,62.2,86.6,89.2,81.8,78.2,42.5,35.6,13.2,3.9,567.1,46.4,3.0,78.1,13.8,0.7,6.74
371,2002,Västmanland,Svealand,11.6,38.4,36.4,25.9,22.2,35.5,38.2,35.6,17.8,11.0,3.7,276.3,50.3,5.3,53.4,19.3,1.3,6.42
372,2002,Dalarna,Svealand,76.9,167.8,242.3,234.3,144.6,204.0,131.5,169.8,179.0,173.6,141.3,1865.1,62.2,7.6,348.8,18.7,7.6,4.69
373,2002,Gävleborg,Södra Norrland,72.3,158.0,134.1,196.8,151.6,228.6,151.6,146.5,133.4,78.4,40.6,1491.9,53.9,8.0,279.9,18.8,2.7,6.01
374,2002,Västernorrland,Södra Norrland,85.4,176.0,216.3,207.2,151.6,190.1,159.2,174.8,178.8,110.2,65.5,1715.1,56.2,10.2,353.6,20.6,3.8,5.92
375,2002,Jämtland,Södra Norrland,127.1,214.5,340.2,259.7,193.3,217.8,146.8,222.5,311.7,313.0,281.6,2628.2,69.4,10.7,534.2,20.3,10.7,4.23
376,2002,Västerbotten,Norra Norrland,127.0,270.7,327.5,308.2,225.9,432.3,312.4,308.1,280.3,270.0,221.2,3083.6,63.5,7.2,588.4,19.1,7.2,3.73
377,2002,Norrbotten,Norra Norrland,120.2,218.6,322.9,310.7,328.6,641.4,398.2,285.0,280.6,249.8,221.0,3377.0,62.5,6.5,565.6,16.7,6.5,2.93
378,2003,Stockholm,Svealand,14.4,17.0,24.6,32.3,22.3,36.1,38.5,30.1,22.7,12.1,8.4,258.5,57.2,16.7,52.8,20.4,3.2,7.11
379,2003,Uppsala,Svealand,21.7,49.3,53.1,34.4,50.4,75.8,84.6,58.6,36.8,12.5,7.6,484.8,53.1,4.1,95.4,19.7,1.6,6.66
380,2003,Södermanland,Svealand,11.1,24.9,38.5,37.7,30.1,68.5,59.4,31.6,16.9,5.3,4.2,328.2,50.1,8.0,48.5,14.8,1.3,7.72
381,2003,Östergötland,Götaland,26.8,63.1,64.0,73.0,76.5,116.1,71.3,59.0,34.6,17.9,8.1,610.4,48.3,9.9,93.6,15.3,1.3,7.96
382,2003,Jönköping,Götaland,22.2,64.6,78.2,70.5,86.7,121.7,117.2,90.9,52.4,19.8,11.6,735.8,53.3,11.4,143.3,19.5,1.6,7.15
383,2003,Kronoberg,Götaland,23.7,62.6,58.8,85.1,69.6,104.7,112.6,75.7,30.9,4.7,1.0,629.4,47.7,0.9,106.6,16.9,0.2,6.36
384,2003,Kalmar,Götaland,36.5,66.1,78.6,76.9,71.0,106.0,122.6,85.8,47.5,16.7,5.6,713.3,50.6,9.8,133.3,18.7,0.8,7.22
385,2003,Gotland,Götaland,3.7,5.0,12.7,7.5,6.1,11.5,11.0,10.2,11.2,12.4,11.2,102.5,73.9,23.0,21.4,20.9,10.9,4.17
386,2003,Blekinge,Götaland,5.6,12.8,16.7,28.2,23.3,34.7,36.8,13.8,6.5,0.9,,179.3,46.1,4.1,20.3,11.3,0.0,8.34
387,2003,Skåne,Götaland,18.1,29.2,27.1,30.6,49.7,79.5,56.5,38.3,19.6,9.7,1.5,359.8,50.6,8.6,57.9,16.1,0.4,8.24
388,2003,Halland,Götaland,8.1,30.2,26.2,33.4,35.7,58.2,62.1,29.9,10.7,3.0,0.2,297.7,47.8,4.7,40.6,13.6,0.1,8.3
389,2003,Västra Götaland,Götaland,44.0,132.4,125.6,151.8,157.8,228.5,187.6,141.5,80.0,28.3,12.0,1289.5,49.6,9.3,221.5,17.2,0.9,7.66
390,2003,Värmland,Svealand,50.7,122.1,145.5,171.7,184.3,251.3,106.9,108.7,72.2,51.1,31.6,1296.1,48.9,6.4,180.9,14.0,2.4,6.7
391,2003,Orebro,Svealand,27.1,47.4,67.3,78.8,81.8,89.7,70.4,41.4,37.3,10.1,3.1,554.4,45.7,2.4,78.7,14.2,0.6,6.74
392,2003,Västmanland,Svealand,17.2,34.5,37.8,26.6,22.3,35.2,38.3,31.4,17.2,10.7,3.7,274.9,48.9,5.2,48.6,17.7,1.3,6.42
393,2003,Dalarna,Svealand,81.3,169.9,239.1,243.1,140.9,217.7,116.1,168.0,174.9,183.6,146.8,1881.4,62.3,7.8,342.9,18.2,7.8,4.69
394,2003,Gävleborg,Södra Norrland,70.5,162.3,138.6,203.8,161.8,241.8,156.6,145.6,125.8,73.4,41.4,1521.6,52.9,7.5,271.4,17.8,2.7,6.01
395,2003,Västernorrland,Södra Norrland,87.1,157.3,203.4,215.9,167.1,195.7,151.7,178.7,174.8,119.1,65.5,1716.3,56.9,10.8,353.5,20.6,3.8,5.92
396,2003,Jämtland,Södra Norrland,115.5,223.8,336.8,270.3,209.3,244.7,141.0,197.5,303.1,313.7,280.6,2636.3,68.6,10.6,500.6,19.0,10.6,4.23
397,2003,Västerbotten,Norra Norrland,126.1,266.5,331.2,323.1,219.6,462.3,325.1,293.4,254.5,247.3,217.8,3066.9,62.2,7.1,547.9,17.9,7.1,3.73
398,2003,Norrbotten,Norra Norrland,110.1,235.1,291.7,332.0,318.6,653.3,416.9,284.1,240.9,249.7,227.1,3359.5,62.2,6.8,525.0,15.6,6.8,2.93
399,2004,Stockholm,Svealand,16.6,17.3,20.0,31.6,26.2,38.4,42.2,25.9,25.6,9.4,10.1,263.3,57.3,17.1,51.5,19.6,3.8,7.11
400,2004,Uppsala,Svealand,20.2,47.3,53.5,39.4,48.7,74.1,77.0,61.3,33.5,13.8,7.3,476.1,52.9,4.4,94.8,19.9,1.5,6.66
401,2004,Södermanland,Svealand,11.1,24.2,36.8,37.8,33.7,73.4,57.0,33.4,15.3,5.1,4.5,332.3,50.0,7.5,48.7,14.7,1.4,7.72
402,2004,Östergötland,Götaland,26.9,58.1,68.5,75.6,78.1,115.5,77.3,65.7,37.6,16.8,8.1,628.2,49.1,9.9,103.3,16.4,1.3,7.96
403,2004,Jönköping,Götaland,27.8,64.8,80.3,72.4,82.9,120.5,106.7,85.6,50.9,20.7,11.0,723.6,52.2,11.4,136.5,18.9,1.5,7.15
404,2004,Kronoberg,Götaland,28.7,63.0,58.6,78.3,76.0,103.8,111.5,71.6,35.0,5.9,1.4,633.8,47.8,1.2,106.6,16.8,0.2,6.36
405,2004,Kalmar,Götaland,35.7,57.4,80.3,70.9,67.8,114.7,118.3,89.5,46.1,20.2,6.6,707.5,51.9,10.3,135.6,19.2,0.9,7.22
406,2004,Gotland,Götaland,3.8,5.9,13.3,7.5,6.1,10.3,11.3,7.2,13.2,14.9,14.7,108.2,77.6,27.4,20.4,18.9,13.6,4.17
407,2004,Blekinge,Götaland,8.0,12.1,17.2,26.7,25.6,33.7,36.4,13.7,6.1,0.9,,180.4,45.3,3.9,19.8,11.0,0.0,8.34
408,2004,Skåne,Götaland,18.0,25.7,35.0,38.1,43.8,85.6,57.4,38.5,21.9,11.1,1.5,376.6,50.8,9.2,60.4,16.0,0.4,8.24
409,2004,Halland,Götaland,11.8,30.8,24.8,31.2,36.2,55.5,62.4,29.8,13.3,1.8,0.2,297.8,47.7,5.1,43.1,14.5,0.1,8.3
410,2004,Västra Götaland,Götaland,51.4,124.7,127.3,134.9,153.2,209.7,178.6,140.1,80.5,29.2,14.0,1243.6,50.0,9.9,220.6,17.7,1.1,7.66
411,2004,Värmland,Svealand,50.7,118.8,147.4,170.4,185.9,254.8,102.9,107.7,76.9,46.4,36.3,1298.2,49.3,6.4,184.6,14.2,2.8,6.7
412,2004,Orebro,Svealand,27.1,49.1,67.5,73.4,74.2,93.1,67.0,42.8,43.9,13.8,4.5,556.4,47.6,3.3,86.7,15.6,0.8,6.74
413,2004,Västmanland,Svealand,17.0,33.1,36.0,26.5,26.8,38.9,31.3,30.2,15.9,10.6,2.9,269.2,47.7,5.0,46.1,17.1,1.1,6.42
414,2004,Dalarna,Svealand,84.8,166.8,225.9,257.7,151.3,205.9,117.8,154.0,163.6,179.3,151.5,1858.6,61.8,8.2,317.6,17.1,8.2,4.69
415,2004,Gävleborg,Södra Norrland,69.2,158.4,141.3,198.3,167.5,257.1,156.1,137.5,133.1,71.2,43.1,1532.8,53.1,7.5,270.6,17.7,2.8,6.01
416,2004,Västernorrland,Södra Norrland,80.5,152.2,192.5,224.0,169.4,203.6,138.1,164.8,175.2,118.9,63.7,1682.9,56.9,10.9,340.0,20.2,3.8,5.92
417,2004,Jämtland,Södra Norrland,122.1,218.6,308.8,271.1,213.6,237.8,142.1,211.5,296.2,292.1,285.9,2599.8,68.8,11.0,507.7,19.5,11.0,4.23
418,2004,Västerbotten,Norra Norrland,130.5,255.6,332.3,319.3,225.9,484.6,325.1,295.8,253.5,244.6,222.9,3090.1,62.3,7.2,549.3,17.8,7.2,3.73
419,2004,Norrbotten,Norra Norrland,108.2,247.7,249.3,348.1,315.6,633.6,402.8,302.1,239.6,246.7,267.8,3361.5,63.8,8.0,541.7,16.1,8.0,2.93
420,2005,Stockholm,Svealand,19.9,18.1,21.9,37.1,28.6,43.6,42.2,28.5,25.8,8.2,11.6,285.5,55.9,16.0,54.3,19.0,4.1,7.11
421,2005,Uppsala,Svealand,20.5,40.7,50.5,41.0,51.6,76.8,76.3,55.0,28.1,17.2,6.3,464.0,52.6,5.1,83.1,17.9,1.4,6.66
422,2005,Södermanland,Svealand,13.1,22.6,36.5,30.9,37.2,74.5,53.9,37.4,12.6,7.1,4.4,330.2,50.5,7.3,50.0,15.1,1.3,7.72
423,2005,Östergötland,Götaland,21.1,53.1,61.8,79.0,84.5,113.3,78.4,70.3,38.1,14.6,8.0,622.2,50.1,9.8,108.4,17.4,1.3,7.96
424,2005,Jönköping,Götaland,30.1,59.7,86.2,66.3,82.7,121.3,107.7,86.6,44.6,22.5,13.1,720.8,52.3,11.1,131.2,18.2,1.8,7.15
425,2005,Kronoberg,Götaland,42.3,69.9,61.6,65.3,84.0,95.3,107.2,73.0,34.9,6.4,1.4,641.3,46.5,1.2,107.9,16.8,0.2,6.36
426,2005,Kalmar,Götaland,30.4,49.3,67.6,74.6,66.7,120.9,121.0,70.7,47.5,21.7,6.0,676.4,52.6,11.1,118.2,17.5,0.9,7.22
427,2005,Gotland,Götaland,3.1,4.2,12.1,8.7,6.2,9.8,10.1,7.7,11.3,13.6,13.2,100.0,77.1,26.8,19.0,19.0,13.2,4.17
428,2005,Blekinge,Götaland,7.6,17.8,14.8,25.7,22.8,30.5,36.2,15.3,6.8,1.5,,179.0,45.7,4.6,22.1,12.3,0.0,8.34
429,2005,Skåne,Götaland,22.0,27.4,37.3,36.5,41.1,92.0,56.3,38.9,23.9,11.2,1.0,387.6,50.2,9.3,62.8,16.2,0.3,8.24
430,2005,Halland,Götaland,15.0,27.4,25.1,29.2,39.7,53.4,59.5,33.0,12.2,1.7,0.2,296.4,47.6,4.8,45.2,15.2,0.1,8.3
431,2005,Västra Götaland,Götaland,53.7,121.2,121.5,139.0,151.3,206.8,172.7,137.4,80.4,30.7,19.4,1234.1,50.6,10.6,217.8,17.6,1.6,7.66
432,2005,Värmland,Svealand,58.9,115.2,137.6,158.9,173.2,284.0,102.4,105.1,68.3,43.4,38.3,1285.3,49.2,6.4,173.4,13.5,3.0,6.7
433,2005,Orebro,Svealand,29.3,48.8,70.7,75.7,76.4,90.7,69.6,36.4,47.6,13.8,4.5,563.5,47.2,3.2,84.0,14.9,0.8,6.74
434,2005,Västmanland,Svealand,14.8,34.9,40.6,28.1,31.4,45.2,35.7,30.0,16.1,9.3,1.8,287.9,46.6,3.9,46.1,16.0,0.6,6.42
435,2005,Dalarna,Svealand,88.7,151.3,209.8,249.1,174.1,219.2,115.0,145.8,143.1,176.2,158.6,1830.9,61.8,8.7,288.9,15.8,8.7,4.69
436,2005,Gävleborg,Södra Norrland,66.1,151.6,149.0,185.6,176.4,248.4,143.9,143.7,127.0,69.8,46.8,1508.3,53.3,7.7,270.7,17.9,3.1,6.01
437,2005,Västernorrland,Södra Norrland,81.4,144.4,200.3,226.4,193.4,217.4,153.1,161.4,152.2,109.2,63.9,1703.1,55.4,10.2,313.6,18.4,3.8,5.92
438,2005,Jämtland,Södra Norrland,109.8,225.4,298.7,256.9,214.6,254.4,131.3,193.6,289.0,291.7,311.7,2577.1,69.9,12.1,482.6,18.7,12.1,4.23
439,2005,Västerbotten,Norra Norrland,132.4,242.0,316.6,336.2,215.3,470.4,324.3,264.3,224.9,230.5,232.0,2988.9,61.9,7.8,489.2,16.4,7.8,3.73
440,2005,Norrbotten,Norra Norrland,108.3,249.5,243.7,348.1,336.4,618.8,402.7,307.8,244.7,254.2,266.4,3380.6,63.9,7.9,552.5,16.3,7.9,2.93
441,2006,Stockholm,Svealand,20.0,19.4,21.4,37.7,29.2,42.7,42.7,29.2,25.9,6.8,11.6,286.6,55.4,15.5,55.1,19.2,4.0,7.11
442,2006,Uppsala,Svealand,17.1,42.2,49.3,39.4,47.2,74.9,70.9,57.2,26.7,18.8,5.8,449.5,53.2,5.5,83.9,18.7,1.3,6.66
443,2006,Södermanland,Svealand,14.8,20.9,37.2,34.8,38.4,72.1,54.0,35.0,13.9,7.5,4.9,333.5,50.3,7.9,48.9,14.7,1.5,7.72
444,2006,Östergötland,Götaland,23.3,51.9,62.7,78.9,80.0,118.7,75.8,71.7,37.0,14.0,8.0,622.0,49.9,9.5,108.7,17.5,1.3,7.96
445,2006,Jönköping,Götaland,32.1,64.8,80.8,62.8,74.1,115.8,92.3,91.1,46.8,20.6,15.2,696.4,52.7,11.9,137.9,19.8,2.2,7.15
446,2006,Kronoberg,Götaland,52.4,71.0,65.9,57.7,82.5,88.8,102.1,68.2,34.1,6.6,1.4,630.7,45.1,1.3,102.3,16.2,0.2,6.36
447,2006,Kalmar,Götaland,28.7,57.1,64.8,80.2,65.7,127.1,123.3,68.0,49.4,21.2,5.5,691.0,52.1,11.0,117.4,17.0,0.8,7.22
448,2006,Gotland,Götaland,3.4,4.8,9.2,10.2,7.9,9.0,14.1,8.7,9.4,11.1,14.4,102.2,75.8,25.0,18.1,17.7,14.1,4.17
449,2006,Blekinge,Götaland,8.3,18.5,10.8,22.3,22.9,28.9,37.4,10.0,6.8,1.5,,167.4,45.2,5.0,16.8,10.0,0.0,8.34
450,2006,Skåne,Götaland,21.3,24.6,37.6,35.9,42.0,90.1,59.2,36.9,22.3,11.3,1.0,382.2,50.3,9.1,59.2,15.5,0.3,8.24
451,2006,Halland,Götaland,13.6,26.1,23.7,25.1,36.2,52.9,61.7,33.1,12.0,2.6,1.2,288.2,49.4,5.5,45.1,15.6,0.4,8.3
452,2006,Västra Götaland,Götaland,57.8,115.7,121.3,141.3,150.6,224.0,167.3,139.2,80.1,31.5,20.8,1249.6,50.7,10.6,219.3,17.5,1.7,7.66
453,2006,Värmland,Svealand,55.9,114.3,143.2,170.2,169.6,285.0,110.7,106.5,64.6,42.7,37.7,1300.4,48.9,6.2,171.1,13.2,2.9,6.7
454,2006,Orebro,Svealand,29.2,51.3,69.1,72.2,77.9,89.3,65.7,38.2,45.4,13.4,3.9,555.6,46.7,3.1,83.6,15.0,0.7,6.74
455,2006,Västmanland,Svealand,15.4,36.2,40.0,29.3,32.8,48.9,33.0,29.6,15.1,9.3,2.6,292.2,46.1,4.1,44.7,15.3,0.9,6.42
456,2006,Dalarna,Svealand,86.8,142.5,222.3,243.4,175.9,241.5,121.3,136.8,143.7,173.9,157.4,1845.5,61.5,8.5,280.5,15.2,8.5,4.69
457,2006,Gävleborg,Södra Norrland,64.6,148.2,158.2,190.9,173.0,251.9,145.7,138.9,128.1,70.1,42.7,1512.3,52.9,7.5,267.0,17.7,2.8,6.01
458,2006,Västernorrland,Södra Norrland,75.8,137.5,204.0,222.7,208.7,228.1,131.2,154.8,154.3,109.9,66.2,1693.2,55.4,10.4,309.1,18.3,3.9,5.92
459,2006,Jämtland,Södra Norrland,107.3,217.5,278.9,275.3,213.0,257.7,117.9,185.7,271.2,287.5,324.2,2536.2,70.2,12.8,456.9,18.0,12.8,4.23
460,2006,Västerbotten,Norra Norrland,119.4,248.7,324.5,305.9,240.3,492.1,336.3,258.4,216.1,232.5,208.3,2982.5,61.1,7.0,474.5,15.9,7.0,3.73
461,2006,Norrbotten,Norra Norrland,102.6,266.8,236.8,371.5,309.8,614.6,403.4,300.6,248.7,264.8,267.0,3386.6,64.0,7.9,549.3,16.2,7.9,2.93
462,2007,Stockholm,Svealand,18.9,21.5,17.8,36.1,28.1,42.0,43.8,30.0,22.8,6.2,13.9,281.1,56.2,15.3,52.8,18.8,4.9,7.11
463,2007,Uppsala,Svealand,19.2,40.0,51.1,43.0,42.0,73.9,67.2,54.8,30.8,18.7,6.3,447.0,53.3,5.6,85.6,19.1,1.4,6.66
464,2007,Södermanland,Svealand,15.9,19.8,31.9,31.8,43.2,69.3,50.4,36.3,13.6,7.9,4.3,324.4,50.7,8.0,49.9,15.4,1.3,7.72
465,2007,Östergötland,Götaland,24.8,45.6,70.7,78.2,74.6,122.1,76.9,69.3,33.3,11.0,6.1,612.6,48.7,8.2,102.6,16.7,1.0,7.96
466,2007,Jönköping,Götaland,39.6,68.8,83.3,62.5,69.8,114.9,91.2,83.9,45.1,22.6,15.7,697.4,51.6,12.0,129.0,18.5,2.3,7.15
467,2007,Kronoberg,Götaland,59.3,81.4,62.2,55.2,83.5,84.8,93.7,69.1,35.6,6.8,2.1,633.7,44.2,1.4,104.7,16.5,0.3,6.36
468,2007,Kalmar,Götaland,26.9,57.1,64.5,84.7,64.2,133.5,125.3,71.5,48.4,21.4,5.4,702.9,52.3,10.7,119.9,17.1,0.8,7.22
469,2007,Gotland,Götaland,5.0,6.3,9.1,9.0,7.8,8.3,13.7,10.6,11.8,11.1,15.6,108.3,76.6,24.7,22.4,20.7,14.4,4.17
470,2007,Blekinge,Götaland,7.1,19.5,13.0,23.0,23.6,31.1,34.0,10.3,5.6,1.5,,168.7,43.9,4.2,15.9,9.4,0.0,8.34
471,2007,Skåne,Götaland,19.4,22.8,42.4,37.3,39.6,88.8,54.1,38.4,26.0,11.2,1.5,381.5,51.0,10.1,64.4,16.9,0.4,8.24
472,2007,Halland,Götaland,13.3,32.0,22.7,23.7,34.1,58.8,60.7,32.6,12.9,3.1,1.2,295.1,49.1,5.8,45.5,15.4,0.4,8.3
473,2007,Västra Götaland,Götaland,56.7,114.1,132.7,133.4,149.8,220.0,167.0,136.6,80.6,37.0,22.5,1250.4,51.1,11.2,217.2,17.4,1.8,7.66
474,2007,Värmland,Svealand,55.4,113.6,135.0,161.3,172.9,292.6,116.9,107.2,65.1,43.1,42.9,1306.0,49.9,6.6,172.3,13.2,3.3,6.7
475,2007,Orebro,Svealand,22.1,54.3,66.9,72.8,75.9,96.5,63.7,38.9,41.9,14.9,4.0,551.9,47.0,3.4,80.8,14.6,0.7,6.74
476,2007,Västmanland,Svealand,16.8,31.3,40.3,29.1,36.4,53.5,29.3,27.8,14.1,8.9,3.0,290.5,45.7,4.1,41.9,14.4,1.0,6.42
477,2007,Dalarna,Svealand,79.8,148.4,211.7,244.6,196.8,243.9,122.6,137.3,137.8,172.4,156.1,1851.4,61.2,8.4,275.1,14.9,8.4,4.69
478,2007,Gävleborg,Södra Norrland,61.9,147.1,154.4,177.8,179.5,258.6,142.4,136.3,126.7,78.8,38.9,1502.4,53.3,7.8,263.0,17.5,2.6,6.01
479,2007,Västernorrland,Södra Norrland,82.4,125.1,191.6,232.3,221.9,235.4,122.8,138.1,148.4,103.3,73.4,1674.7,55.0,10.6,286.5,17.1,4.4,5.92
480,2007,Jämtland,Södra Norrland,95.6,211.2,286.6,273.0,197.6,275.1,120.0,178.0,273.5,288.7,308.8,2508.1,70.1,12.3,451.5,18.0,12.3,4.23
481,2007,Västerbotten,Norra Norrland,123.3,239.4,302.9,326.3,242.6,499.2,331.5,245.2,231.8,222.7,207.7,2972.6,61.1,7.0,477.0,16.0,7.0,3.73
482,2007,Norrbotten,Norra Norrland,96.5,267.7,246.6,350.1,306.3,622.2,390.7,301.7,238.2,252.4,272.4,3344.8,64.0,8.1,539.9,16.1,8.1,2.93
483,2008,Stockholm,Svealand,17.3,17.7,17.9,34.3,31.6,42.1,43.8,28.7,23.8,8.5,12.5,278.2,57.3,16.1,52.5,18.9,4.5,7.11
484,2008,Uppsala,Svealand,20.0,36.7,52.4,46.4,43.6,77.7,65.2,54.6,33.0,17.0,6.4,453.0,53.1,5.2,87.6,19.3,1.4,6.66
485,2008,Södermanland,Svealand,19.4,16.7,31.0,32.4,43.0,79.8,56.6,34.9,12.3,6.6,3.8,336.5,50.1,6.7,47.2,14.0,1.1,7.72
486,2008,Östergötland,Götaland,23.8,46.7,71.6,77.8,75.4,123.0,75.4,68.0,32.5,11.8,5.4,611.4,48.4,8.1,100.5,16.4,0.9,7.96
487,2008,Jönköping,Götaland,37.1,70.0,78.7,70.7,69.7,115.8,79.2,87.1,50.3,23.1,16.7,698.4,52.1,12.9,137.4,19.7,2.4,7.15
488,2008,Kronoberg,Götaland,52.7,85.8,67.9,49.7,87.9,86.7,90.0,69.5,37.4,6.1,1.5,635.2,44.1,1.2,106.9,16.8,0.2,6.36
489,2008,Kalmar,Götaland,27.1,59.6,60.8,88.6,66.2,127.5,121.3,69.6,49.7,20.0,5.8,696.2,51.9,10.8,119.3,17.1,0.8,7.22
490,2008,Gotland,Götaland,6.8,6.0,8.8,10.2,8.3,7.7,18.7,11.0,13.2,7.2,16.3,114.2,74.1,20.6,24.2,21.2,14.3,4.17
491,2008,Blekinge,Götaland,7.6,21.2,15.0,20.6,22.3,24.9,30.8,12.1,5.7,1.0,0.4,161.6,43.2,4.4,17.8,11.0,0.2,8.34
492,2008,Skåne,Götaland,22.9,24.5,44.0,36.5,35.6,85.0,50.6,38.5,25.5,8.4,2.0,373.5,49.7,9.6,64.0,17.1,0.5,8.24
493,2008,Halland,Götaland,11.7,29.6,21.3,22.2,34.6,58.0,59.8,34.6,15.4,5.0,1.2,293.4,51.3,7.4,50.0,17.0,0.4,8.3
494,2008,Västra Götaland,Götaland,56.0,115.5,135.0,119.8,164.6,227.4,158.5,133.8,82.1,34.3,21.9,1248.9,50.7,11.1,215.9,17.3,1.8,7.66
495,2008,Värmland,Svealand,53.4,113.2,133.7,163.5,165.1,302.3,117.2,104.2,68.9,40.2,41.3,1303.0,49.8,6.3,173.1,13.3,3.2,6.7
496,2008,Orebro,Svealand,24.0,58.1,61.2,73.1,79.6,96.0,68.3,37.6,41.6,17.6,5.6,562.7,47.6,4.1,79.2,14.1,1.0,6.74
497,2008,Västmanland,Svealand,16.8,33.8,34.0,32.9,37.7,52.8,31.5,26.4,14.7,7.6,3.0,291.2,45.4,3.6,41.1,14.1,1.0,6.42
498,2008,Dalarna,Svealand,80.8,147.2,199.2,259.0,203.8,245.8,129.7,126.6,135.4,158.3,168.1,1853.9,61.1,9.1,262.0,14.1,9.1,4.69
499,2008,Gävleborg,Södra Norrland,56.3,144.3,141.6,172.1,176.8,261.8,135.3,132.3,119.0,81.0,38.4,1458.9,53.6,8.2,251.3,17.2,2.6,6.01
500,2008,Västernorrland,Södra Norrland,79.6,124.4,187.9,234.9,225.4,240.8,122.5,119.9,141.9,101.6,83.3,1662.2,55.1,11.1,261.8,15.8,5.0,5.92
501,2008,Jämtland,Södra Norrland,90.3,198.3,261.5,269.2,187.9,294.0,119.5,170.0,240.9,259.4,347.8,2438.8,71.2,14.3,410.9,16.8,14.3,4.23
502,2008,Västerbotten,Norra Norrland,118.6,243.0,279.5,333.2,242.4,505.7,330.9,268.5,237.4,220.5,218.9,2998.6,62.0,7.3,505.9,16.9,7.3,3.73
503,2008,Norrbotten,Norra Norrland,94.5,250.4,258.6,340.6,316.4,645.1,376.9,308.9,235.8,242.8,282.0,3352.0,64.2,8.4,544.7,16.3,8.4,2.93
504,2009,Stockholm,Svealand,17.1,17.5,19.1,35.7,28.2,41.1,44.7,27.3,26.4,8.9,12.9,278.9,58.0,17.3,53.7,19.3,4.6,7.11
505,2009,Uppsala,Svealand,20.0,38.0,48.1,46.3,41.8,78.5,65.3,55.5,33.8,15.9,8.4,451.6,53.9,5.4,89.3,19.8,1.9,6.66
506,2009,Södermanland,Svealand,17.1,18.0,34.7,30.3,41.6,83.4,55.0,33.6,12.0,7.5,4.6,337.8,50.3,7.1,45.6,13.5,1.4,7.72
507,2009,Östergötland,Götaland,24.2,45.4,68.4,80.2,77.2,128.4,73.5,67.8,33.3,11.8,6.2,616.4,48.7,8.3,101.1,16.4,1.0,7.96
508,2009,Jönköping,Götaland,34.4,66.4,74.9,70.1,68.4,115.1,80.8,84.2,51.5,20.9,16.7,683.4,52.6,13.0,135.7,19.9,2.4,7.15
509,2009,Kronoberg,Götaland,49.7,95.3,72.8,48.6,87.5,90.4,85.2,63.3,38.3,7.6,1.7,640.4,43.3,1.5,101.6,15.9,0.3,6.36
510,2009,Kalmar,Götaland,30.0,62.1,59.6,85.4,79.8,128.8,112.8,68.9,51.2,19.6,5.2,703.4,51.1,10.8,120.1,17.1,0.7,7.22
511,2009,Gotland,Götaland,8.3,4.3,9.0,9.5,10.6,7.3,17.5,11.3,12.6,6.1,19.0,115.5,75.0,21.7,23.9,20.7,16.5,4.17
512,2009,Blekinge,Götaland,4.3,21.5,15.8,19.2,21.3,23.2,29.6,13.3,5.7,1.0,0.4,155.3,44.1,4.6,19.0,12.2,0.3,8.34
513,2009,Skåne,Götaland,20.6,30.2,37.3,31.0,36.9,83.3,49.5,35.1,22.6,7.7,2.0,356.2,49.1,9.1,57.7,16.2,0.6,8.24
514,2009,Halland,Götaland,9.8,32.5,18.3,20.5,32.1,61.1,59.5,33.2,12.3,5.0,1.2,285.5,51.0,6.5,45.5,15.9,0.4,8.3
515,2009,Västra Götaland,Götaland,56.3,106.4,138.4,118.3,171.4,243.2,156.9,139.1,84.0,39.5,20.4,1273.9,51.3,11.3,223.1,17.5,1.6,7.66
516,2009,Värmland,Svealand,52.0,113.4,142.0,157.8,161.1,309.6,119.6,94.3,67.0,40.2,41.3,1298.3,49.5,6.3,161.3,12.4,3.2,6.7
517,2009,Orebro,Svealand,24.2,63.1,67.1,67.6,77.4,103.0,70.7,36.2,35.0,16.2,5.3,565.8,46.1,3.8,71.2,12.6,0.9,6.74
518,2009,Västmanland,Svealand,17.3,30.5,33.1,30.5,37.6,57.3,32.4,24.7,14.8,7.6,2.9,288.7,45.9,3.6,39.5,13.7,1.0,6.42
519,2009,Dalarna,Svealand,80.5,155.2,195.3,261.4,200.8,254.4,127.0,119.5,139.9,155.2,171.1,1860.3,60.9,9.2,259.4,13.9,9.2,4.69
520,2009,Gävleborg,Södra Norrland,56.0,144.3,144.2,168.6,184.6,254.5,147.5,124.8,110.5,78.7,37.0,1450.7,52.9,8.0,235.3,16.2,2.6,6.01
521,2009,Västernorrland,Södra Norrland,88.4,116.5,178.7,228.3,225.8,252.3,127.2,124.4,139.9,103.0,83.5,1668.0,55.5,11.2,264.3,15.8,5.0,5.92
522,2009,Jämtland,Södra Norrland,89.2,199.9,250.4,281.6,182.0,322.0,122.7,159.4,217.8,251.7,373.3,2450.0,71.3,15.2,377.2,15.4,15.2,4.23
523,2009,Västerbotten,Norra Norrland,110.5,237.1,258.4,315.5,244.1,500.2,327.0,260.5,221.4,218.5,210.6,2903.8,62.2,7.3,481.9,16.6,7.3,3.73
524,2009,Norrbotten,Norra Norrland,89.5,246.3,244.6,340.0,327.5,655.2,389.4,307.7,219.9,246.3,271.5,3337.9,63.9,8.1,527.6,15.8,8.1,2.93
525,2010,Stockholm,Svealand,17.8,17.7,19.9,31.1,35.5,39.3,42.0,28.1,26.8,9.9,13.8,281.9,58.3,17.9,54.9,19.5,4.9,7.11
526,2010,Uppsala,Svealand,20.4,37.6,49.4,43.1,44.2,81.1,65.1,58.3,33.9,17.5,9.4,460.0,54.6,5.8,92.2,20.0,2.0,6.66
527,2010,Södermanland,Svealand,14.3,21.7,31.9,34.1,40.2,85.1,56.9,33.0,15.9,6.9,4.5,344.5,50.8,7.9,48.9,14.2,1.3,7.72
528,2010,Östergötland,Götaland,29.7,43.1,68.8,78.8,79.6,134.1,72.4,66.2,34.2,12.5,7.2,626.6,48.6,8.6,100.4,16.0,1.1,7.96
529,2010,Jönköping,Götaland,33.2,74.9,72.9,74.4,61.8,114.7,81.6,87.7,54.8,20.8,16.7,693.5,52.7,13.3,142.5,20.5,2.4,7.15
530,2010,Kronoberg,Götaland,36.9,107.4,71.0,51.0,86.7,93.6,77.6,65.0,37.9,7.3,2.1,636.5,43.3,1.5,102.9,16.2,0.3,6.36
531,2010,Kalmar,Götaland,34.4,60.1,62.3,84.9,80.5,121.1,107.1,72.6,48.5,19.6,5.4,696.5,50.7,10.6,121.1,17.4,0.8,7.22
532,2010,Gotland,Götaland,9.9,4.0,9.8,11.8,11.0,7.8,17.6,12.2,13.4,7.6,21.4,126.5,75.3,22.9,25.6,20.2,16.9,4.17
533,2010,Blekinge,Götaland,4.8,20.5,18.1,16.4,22.5,25.3,29.7,16.0,5.6,0.9,0.4,160.2,44.9,4.3,21.6,13.5,0.2,8.34
534,2010,Skåne,Götaland,22.1,31.2,39.2,33.9,36.4,81.0,55.2,32.2,20.7,9.8,2.0,363.7,48.6,8.9,52.9,14.5,0.5,8.24
535,2010,Halland,Götaland,9.0,35.0,15.7,19.7,31.6,65.9,65.1,31.9,11.9,5.1,1.9,292.8,51.5,6.5,43.8,15.0,0.6,8.3
536,2010,Västra Götaland,Götaland,55.4,103.7,140.2,115.9,165.3,250.7,156.0,140.5,80.5,43.3,19.4,1270.9,51.5,11.3,221.0,17.4,1.5,7.66
537,2010,Värmland,Svealand,51.1,117.8,141.4,150.0,166.5,322.1,110.9,93.3,68.3,42.2,41.7,1305.3,49.5,6.4,161.6,12.4,3.2,6.7
538,2010,Orebro,Svealand,24.5,66.6,66.4,66.2,74.2,113.5,65.8,39.0,30.2,16.5,6.4,569.3,45.7,4.0,69.2,12.2,1.1,6.74
539,2010,Västmanland,Svealand,20.4,29.0,35.9,29.8,30.0,60.0,27.4,25.6,13.8,7.8,3.3,283.0,45.4,3.9,39.4,13.9,1.2,6.42
540,2010,Dalarna,Svealand,76.3,162.5,195.5,259.7,217.4,262.4,124.3,118.3,134.7,146.8,171.2,1869.1,60.1,9.2,253.0,13.5,9.2,4.69
541,2010,Gävleborg,Södra Norrland,59.1,143.6,149.0,159.7,190.2,272.2,151.7,112.8,104.7,75.3,37.0,1455.3,52.1,7.7,217.5,14.9,2.5,6.01
542,2010,Västernorrland,Södra Norrland,93.1,111.5,187.8,215.5,223.7,264.6,108.3,133.4,141.8,94.4,81.1,1655.2,55.0,10.6,275.2,16.6,4.9,5.92
543,2010,Jämtland,Södra Norrland,87.4,207.3,243.8,292.1,194.9,340.9,126.1,173.2,202.8,252.5,358.2,2479.2,70.1,14.4,376.0,15.2,14.4,4.23
544,2010,Västerbotten,Norra Norrland,112.8,235.7,239.4,331.6,262.2,476.3,342.8,264.0,228.4,199.5,212.2,2904.9,62.0,7.3,492.4,17.0,7.3,3.73
545,2010,Norrbotten,Norra Norrland,94.8,237.5,230.3,318.8,325.1,651.6,394.2,298.3,198.7,236.0,301.2,3286.5,64.8,9.2,497.0,15.1,9.2,2.93
546,2011,Stockholm,Svealand,17.7,17.5,18.2,31.5,33.4,41.2,40.4,26.6,26.4,10.5,14.4,277.8,58.8,18.5,53.0,19.1,5.2,7.11
547,2011,Uppsala,Svealand,22.6,32.2,55.5,48.9,47.8,86.4,65.4,58.1,34.8,17.8,12.0,481.5,54.6,6.2,92.9,19.3,2.5,6.66
548,2011,Södermanland,Svealand,14.1,23.9,31.0,33.1,39.9,80.6,53.9,32.0,16.5,7.0,3.9,335.9,50.4,8.2,48.5,14.4,1.2,7.72
549,2011,Östergötland,Götaland,26.0,46.1,61.1,74.6,85.1,136.8,70.8,63.3,34.5,13.6,7.1,619.0,49.1,8.9,97.8,15.8,1.1,7.96
550,2011,Jönköping,Götaland,31.6,80.5,73.6,71.9,68.0,117.8,88.4,81.1,54.2,18.6,15.6,701.3,51.7,12.6,135.3,19.3,2.2,7.15
551,2011,Kronoberg,Götaland,29.2,121.4,70.3,51.7,89.1,97.1,77.1,61.1,38.6,7.2,2.1,644.9,42.7,1.4,99.7,15.5,0.3,6.36
552,2011,Kalmar,Götaland,34.9,63.9,61.4,82.9,80.2,125.3,100.6,76.6,48.6,20.4,8.0,702.8,51.0,11.0,125.2,17.8,1.1,7.22
553,2011,Gotland,Götaland,9.8,5.4,8.4,15.5,10.1,7.8,14.7,11.8,14.2,8.9,19.3,125.9,73.6,22.4,26.0,20.7,15.3,4.17
554,2011,Blekinge,Götaland,4.1,21.8,19.6,16.1,23.9,27.4,28.3,19.4,5.6,0.9,0.4,167.5,45.2,4.1,25.0,14.9,0.2,8.34
555,2011,Skåne,Götaland,21.5,38.6,40.8,31.1,40.5,79.5,56.1,34.3,20.8,10.4,2.7,376.3,48.3,9.0,55.1,14.6,0.7,8.24
556,2011,Halland,Götaland,10.0,36.2,17.7,20.8,34.2,62.2,60.1,33.4,13.5,4.6,1.3,294.0,50.5,6.6,46.9,16.0,0.4,8.3
557,2011,Västra Götaland,Götaland,53.2,111.3,142.0,105.0,168.7,253.0,152.3,140.3,83.1,39.5,19.4,1267.8,51.3,11.2,223.4,17.6,1.5,7.66
558,2011,Värmland,Svealand,46.9,120.7,134.4,143.0,172.5,319.3,104.6,88.4,67.8,42.1,39.7,1279.4,49.4,6.4,156.2,12.2,3.1,6.7
559,2011,Orebro,Svealand,24.0,64.0,63.1,68.0,70.7,120.8,65.8,36.4,28.3,17.2,6.9,565.2,46.0,4.3,64.7,11.4,1.2,6.74
560,2011,Västmanland,Svealand,19.3,30.7,40.5,29.4,29.1,61.0,30.7,24.9,14.4,9.1,3.0,292.1,45.5,4.1,39.3,13.5,1.0,6.42
561,2011,Dalarna,Svealand,74.8,153.6,186.9,255.8,239.5,264.3,117.3,118.9,129.8,145.8,169.0,1855.7,60.1,9.1,248.7,13.4,9.1,4.69
562,2011,Gävleborg,Södra Norrland,67.1,142.2,141.5,156.7,209.0,279.5,156.1,115.7,96.4,73.3,38.1,1475.6,51.6,7.5,212.1,14.4,2.6,6.01
563,2011,Västernorrland,Södra Norrland,103.0,105.3,174.1,215.6,216.2,269.7,112.9,129.7,136.2,97.2,82.7,1642.6,55.3,11.0,265.9,16.2,5.0,5.92
564,2011,Jämtland,Södra Norrland,89.7,214.2,242.9,296.4,196.1,350.9,127.6,174.5,194.3,256.4,377.6,2520.6,70.4,15.0,368.8,14.6,15.0,4.23
565,2011,Västerbotten,Norra Norrland,107.0,229.8,239.6,342.1,277.1,459.9,330.3,268.3,247.8,211.5,203.9,2917.3,62.4,7.0,516.1,17.7,7.0,3.73
566,2011,Norrbotten,Norra Norrland,84.3,208.4,236.3,293.0,350.5,649.3,425.3,309.0,200.8,225.4,317.9,3300.2,65.9,9.6,509.8,15.4,9.6,2.93
567,2012,Stockholm,Svealand,18.1,17.8,21.2,29.8,39.3,44.7,36.7,29.7,25.1,11.9,13.3,287.6,57.7,17.5,54.8,19.1,4.6,7.11
568,2012,Uppsala,Svealand,23.4,38.4,49.7,48.0,51.4,90.3,59.4,54.4,33.4,15.2,11.8,475.4,53.1,5.7,87.8,18.5,2.5,6.66
569,2012,Södermanland,Svealand,13.9,25.7,29.4,33.7,39.5,82.7,60.9,33.3,19.1,7.3,4.4,349.9,51.6,8.8,52.4,15.0,1.3,7.72
570,2012,Östergötland,Götaland,21.7,48.1,59.8,71.5,85.9,148.2,67.1,56.9,34.3,13.9,7.9,615.3,49.1,9.1,91.2,14.8,1.3,7.96
571,2012,Jönköping,Götaland,30.0,77.3,69.7,71.3,69.8,117.7,83.5,82.8,50.6,18.0,16.4,687.1,51.9,12.4,133.4,19.4,2.4,7.15
572,2012,Kronoberg,Götaland,24.2,126.0,71.4,51.6,91.7,100.1,70.6,63.4,38.0,7.6,1.9,646.5,42.6,1.5,101.4,15.7,0.3,6.36
573,2012,Kalmar,Götaland,37.0,58.9,65.7,80.3,79.8,129.9,93.3,78.3,51.5,23.4,8.4,706.5,51.7,11.8,129.8,18.4,1.2,7.22
574,2012,Gotland,Götaland,10.2,2.8,7.3,16.8,10.1,9.0,15.9,10.6,12.7,8.1,16.6,120.1,71.6,20.6,23.3,19.4,13.8,4.17
575,2012,Blekinge,Götaland,5.7,22.0,19.2,15.6,20.2,26.2,28.9,24.3,6.3,2.2,0.5,171.1,47.4,5.3,30.6,17.9,0.3,8.34
576,2012,Skåne,Götaland,24.0,41.5,38.3,29.8,38.3,78.6,63.2,37.3,16.4,11.2,2.9,381.5,48.3,8.0,53.7,14.1,0.8,8.24
577,2012,Halland,Götaland,10.1,37.3,18.1,21.8,29.7,65.2,60.3,33.4,12.2,5.5,1.5,295.1,50.5,6.5,45.6,15.5,0.5,8.3
578,2012,Västra Götaland,Götaland,57.3,112.6,138.8,105.5,166.9,255.9,149.3,139.4,81.1,38.7,21.6,1267.1,51.1,11.2,220.5,17.4,1.7,7.66
579,2012,Värmland,Svealand,47.3,111.5,138.9,136.3,169.6,318.5,113.0,80.3,69.8,41.2,37.2,1263.6,49.4,6.2,150.1,11.9,2.9,6.7
580,2012,Orebro,Svealand,28.3,61.3,63.7,67.2,71.8,120.9,66.5,35.0,24.9,18.4,8.8,566.8,45.9,4.8,59.9,10.6,1.6,6.74
581,2012,Västmanland,Svealand,20.8,33.6,41.3,34.6,23.9,56.6,31.9,25.5,17.9,10.1,3.4,299.6,46.0,4.5,43.4,14.5,1.1,6.42
582,2012,Dalarna,Svealand,79.5,156.8,181.2,240.3,250.6,268.8,125.1,112.2,115.1,144.3,185.4,1859.3,60.4,10.0,227.3,12.2,10.0,4.69
583,2012,Gävleborg,Södra Norrland,69.1,137.6,141.6,161.1,209.4,285.3,155.4,111.7,91.7,64.6,34.4,1461.9,50.5,6.8,203.4,13.9,2.4,6.01
584,2012,Västernorrland,Södra Norrland,95.4,116.3,176.0,212.9,197.8,305.8,116.8,141.3,125.7,101.0,77.0,1666.0,55.0,10.7,267.0,16.0,4.6,5.92
585,2012,Jämtland,Södra Norrland,91.4,220.1,226.9,301.1,217.3,367.2,135.7,182.7,187.5,233.5,389.4,2552.8,69.8,15.3,370.2,14.5,15.3,4.23
586,2012,Västerbotten,Norra Norrland,109.2,234.8,237.3,314.5,283.2,468.2,345.2,282.8,233.7,213.4,207.5,2929.8,62.6,7.1,516.5,17.6,7.1,3.73
587,2012,Norrbotten,Norra Norrland,78.9,212.4,238.3,286.4,358.3,633.3,464.1,310.7,193.4,227.7,333.2,3336.7,66.4,10.0,504.1,15.1,10.0,2.93
588,2013,Stockholm,Svealand,22.0,17.1,24.3,23.6,43.1,51.8,34.9,32.7,24.5,8.8,15.5,298.3,56.9,16.4,57.2,19.2,5.2,7.11
589,2013,Uppsala,Svealand,29.5,35.5,51.4,45.5,50.0,94.8,55.5,56.4,33.1,15.5,11.9,479.1,52.8,5.7,89.5,18.7,2.5,6.66
590,2013,Södermanland,Svealand,9.8,28.1,29.6,37.9,41.0,77.6,59.8,35.0,19.0,8.0,4.9,350.7,51.9,9.1,54.0,15.4,1.4,7.72
591,2013,Östergötland,Götaland,18.1,53.6,56.1,66.7,89.2,150.0,69.3,61.1,33.1,12.0,9.1,618.3,49.5,8.8,94.2,15.2,1.5,7.96
592,2013,Jönköping,Götaland,30.1,78.0,64.4,75.4,68.7,125.4,83.6,81.1,48.9,16.9,15.2,687.7,51.4,11.8,130.0,18.9,2.2,7.15
593,2013,Kronoberg,Götaland,23.3,125.2,77.2,53.6,91.6,109.0,68.4,65.4,35.8,8.6,2.1,660.2,42.5,1.6,101.2,15.3,0.3,6.36
594,2013,Kalmar,Götaland,33.7,59.3,69.5,71.3,85.8,138.9,85.1,80.2,48.9,27.9,10.7,711.3,52.4,12.3,129.1,18.1,1.5,7.22
595,2013,Gotland,Götaland,11.6,3.3,6.4,15.7,9.3,11.1,9.5,11.4,12.6,9.5,16.4,116.8,71.9,22.2,24.0,20.5,14.0,4.17
596,2013,Blekinge,Götaland,4.9,25.0,19.8,13.3,21.9,31.1,27.2,25.2,6.6,2.4,0.7,178.1,47.4,5.4,31.8,17.9,0.4,8.34
597,2013,Skåne,Götaland,25.1,42.9,39.7,33.4,36.9,81.0,65.0,34.5,14.6,11.8,3.4,388.3,47.4,7.7,49.1,12.6,0.9,8.24
598,2013,Halland,Götaland,10.0,43.8,19.6,21.1,29.6,67.7,59.5,29.1,11.9,3.8,1.8,297.9,48.4,5.9,41.0,13.8,0.6,8.3
599,2013,Västra Götaland,Götaland,62.8,112.3,129.7,111.9,156.1,269.1,150.2,133.6,84.9,40.7,22.5,1273.8,51.4,11.6,218.5,17.2,1.8,7.66
600,2013,Värmland,Svealand,51.0,108.1,135.1,132.4,171.5,332.6,118.0,77.9,72.7,47.6,38.2,1285.1,50.2,6.7,150.6,11.7,3.0,6.7
601,2013,Orebro,Svealand,30.1,61.3,59.3,59.7,75.7,127.8,62.0,34.3,22.1,16.3,8.8,557.4,45.3,4.5,56.4,10.1,1.6,6.74
602,2013,Västmanland,Svealand,16.2,36.1,43.5,35.0,26.4,64.3,29.2,27.3,18.4,11.7,3.4,311.5,46.7,4.8,45.7,14.7,1.1,6.42
603,2013,Dalarna,Svealand,82.2,159.4,178.0,227.1,263.5,286.0,127.4,105.2,105.1,135.0,185.3,1854.2,59.6,10.0,210.3,11.3,10.0,4.69
604,2013,Gävleborg,Södra Norrland,75.0,128.2,160.4,156.0,209.4,298.7,163.6,110.4,97.0,63.5,37.9,1500.1,50.8,6.8,207.4,13.8,2.5,6.01
605,2013,Västernorrland,Södra Norrland,102.0,127.2,166.5,201.7,218.0,320.4,116.2,137.3,121.9,97.0,71.8,1680.0,53.9,10.0,259.2,15.4,4.3,5.92
606,2013,Jämtland,Södra Norrland,103.7,211.1,229.5,312.8,245.6,372.0,140.6,190.7,194.0,238.1,366.8,2604.9,68.6,14.1,384.7,14.8,14.1,4.23
607,2013,Västerbotten,Norra Norrland,120.3,232.8,224.2,313.4,293.0,471.0,353.7,294.2,231.2,199.8,211.2,2944.8,62.4,7.2,525.4,17.8,7.2,3.73
608,2013,Norrbotten,Norra Norrland,89.7,207.7,248.5,261.9,377.6,640.0,477.3,314.6,195.3,222.7,346.6,3381.9,66.6,10.2,509.9,15.1,10.2,2.93
609,2014,Stockholm,Svealand,22.1,14.5,24.4,22.5,43.3,55.8,30.9,40.3,20.9,8.6,15.0,298.3,57.1,14.9,61.2,20.5,5.0,7.11
610,2014,Uppsala,Svealand,29.3,34.2,50.8,44.3,54.6,92.9,57.6,55.7,36.5,16.3,10.4,482.6,53.2,5.5,92.2,19.1,2.2,6.66
611,2014,Södermanland,Svealand,9.5,28.7,30.3,37.8,37.5,78.2,60.5,33.5,19.4,8.3,4.6,348.3,51.9,9.3,52.9,15.2,1.3,7.72
612,2014,Östergötland,Götaland,19.7,58.0,52.4,63.0,88.1,150.6,61.7,53.9,32.3,15.1,8.5,603.3,48.9,9.3,86.2,14.3,1.4,7.96
613,2014,Jönköping,Götaland,26.4,79.5,65.7,76.7,74.3,128.3,84.0,79.7,47.3,16.4,15.2,693.5,51.0,11.4,127.0,18.3,2.2,7.15
614,2014,Kronoberg,Götaland,24.9,124.3,82.8,49.2,85.5,113.4,68.9,63.0,34.5,9.0,2.0,657.5,42.2,1.7,97.5,14.8,0.3,6.36
615,2014,Kalmar,Götaland,33.1,62.4,65.2,74.7,77.4,139.6,85.5,77.5,53.1,28.4,13.9,710.8,53.3,13.4,130.6,18.4,2.0,7.22
616,2014,Gotland,Götaland,11.2,4.1,6.5,15.5,10.5,14.6,10.9,12.8,12.9,9.0,13.0,121.0,68.3,18.2,25.7,21.2,10.7,4.17
617,2014,Blekinge,Götaland,6.5,28.2,17.4,16.2,22.7,35.5,28.5,26.3,7.0,2.4,0.7,191.4,46.9,5.3,33.3,17.4,0.4,8.34
618,2014,Skåne,Götaland,26.1,42.5,41.9,35.9,40.4,83.7,64.0,37.7,14.0,11.7,3.4,401.3,47.1,7.3,51.7,12.9,0.8,8.24
619,2014,Halland,Götaland,10.5,40.1,23.2,22.2,27.6,61.6,54.0,30.3,11.9,4.3,1.8,287.5,48.3,6.3,42.2,14.7,0.6,8.3
620,2014,Västra Götaland,Götaland,62.2,115.1,126.6,114.5,147.4,269.1,150.8,131.4,84.6,37.0,26.0,1264.7,51.5,11.7,216.0,17.1,2.1,7.66
621,2014,Värmland,Svealand,52.8,109.9,127.0,139.3,170.9,328.6,124.2,77.5,67.2,50.2,40.3,1287.9,50.3,7.0,144.7,11.2,3.1,6.7
622,2014,Orebro,Svealand,26.3,54.1,58.9,62.5,76.4,130.7,60.8,37.7,21.6,16.6,9.2,554.8,46.3,4.7,59.3,10.7,1.7,6.74
623,2014,Västmanland,Svealand,19.8,36.5,42.3,39.9,27.3,60.9,29.4,25.4,17.4,12.3,3.6,314.8,45.6,5.1,42.8,13.6,1.1,6.42
624,2014,Dalarna,Svealand,82.1,155.1,182.5,224.5,280.0,295.4,127.0,99.3,100.2,131.5,192.2,1869.8,59.4,10.3,199.5,10.7,10.3,4.69
625,2014,Gävleborg,Södra Norrland,79.3,131.7,159.8,150.5,198.8,300.3,157.8,108.9,92.1,63.0,40.9,1483.1,50.6,7.0,201.0,13.6,2.8,6.01
626,2014,Västernorrland,Södra Norrland,102.1,131.9,161.5,197.5,215.0,323.5,121.3,133.3,115.7,96.5,71.8,1670.1,53.7,10.1,249.0,14.9,4.3,5.92
627,2014,Jämtland,Södra Norrland,106.6,213.2,226.4,305.9,266.4,363.7,138.0,179.2,194.9,244.4,356.9,2595.6,68.1,13.8,374.1,14.4,13.8,4.23
628,2014,Västerbotten,Norra Norrland,120.6,242.8,221.8,322.7,321.4,502.4,372.6,303.3,240.5,215.3,224.4,3087.8,62.8,7.3,543.8,17.6,7.3,3.73
629,2014,Norrbotten,Norra Norrland,102.4,204.9,242.6,249.3,384.6,623.9,477.0,337.7,199.8,225.3,338.3,3385.8,66.7,10.0,537.5,15.9,10.0,2.93
630,2015,Stockholm,Svealand,18.9,12.7,21.9,20.6,38.8,58.2,32.3,40.8,20.0,8.2,15.1,287.5,58.8,15.1,60.8,21.1,5.3,7.11
631,2015,Uppsala,Svealand,29.3,34.2,44.3,48.1,53.2,95.5,56.6,55.0,35.9,14.3,12.1,478.5,53.4,5.5,90.9,19.0,2.5,6.66
632,2015,Södermanland,Svealand,14.1,27.3,30.6,38.0,36.1,73.7,60.4,29.8,17.7,6.4,5.3,339.4,50.5,8.7,47.5,14.0,1.6,7.72
633,2015,Östergötland,Götaland,21.6,60.4,49.4,59.0,82.8,153.4,62.6,51.7,31.5,14.3,8.6,595.3,48.7,9.1,83.2,14.0,1.4,7.96
634,2015,Jönköping,Götaland,27.7,79.4,66.4,81.3,78.1,129.8,85.6,67.5,45.6,18.1,14.6,694.1,50.0,11.3,113.1,16.3,2.1,7.15
635,2015,Kronoberg,Götaland,27.2,106.4,96.5,58.8,81.8,114.6,66.5,60.3,31.9,9.3,1.9,655.2,41.7,1.7,92.2,14.1,0.3,6.36
636,2015,Kalmar,Götaland,29.0,61.0,67.1,74.2,80.1,146.8,80.6,82.3,54.0,30.4,16.2,721.7,54.2,13.9,136.3,18.9,2.2,7.22
637,2015,Gotland,Götaland,10.1,4.1,7.0,12.0,12.6,15.7,10.3,9.7,11.6,9.1,13.5,115.7,68.6,19.5,21.3,18.4,11.7,4.17
638,2015,Blekinge,Götaland,6.6,24.7,19.8,17.8,25.2,36.2,23.9,25.1,7.8,3.4,0.7,191.2,46.8,6.2,32.9,17.2,0.4,8.34
639,2015,Skåne,Götaland,27.1,42.0,41.6,36.8,37.5,83.2,58.1,42.4,14.4,12.8,4.8,400.7,48.0,8.0,56.8,14.2,1.2,8.24
640,2015,Halland,Götaland,9.6,34.5,26.3,26.1,25.5,60.2,50.1,30.3,14.0,5.4,2.1,284.1,49.3,7.6,44.3,15.6,0.7,8.3
641,2015,Västra Götaland,Götaland,59.1,117.2,122.2,112.5,148.2,272.7,145.6,135.1,79.3,35.4,25.5,1252.8,51.3,11.2,214.4,17.1,2.0,7.66
642,2015,Värmland,Svealand,47.8,112.0,129.2,142.2,162.8,316.4,144.3,69.8,70.0,51.1,37.8,1283.4,50.4,6.9,139.8,10.9,2.9,6.7
643,2015,Orebro,Svealand,24.8,53.1,61.2,63.8,77.6,140.5,52.1,38.3,20.9,16.6,8.2,557.1,45.8,4.5,59.2,10.6,1.5,6.74
644,2015,Västmanland,Svealand,25.4,35.6,39.5,41.1,29.1,60.3,34.1,23.5,15.1,12.7,3.4,319.8,44.7,5.0,38.6,12.1,1.1,6.42
645,2015,Dalarna,Svealand,84.1,153.5,174.7,228.9,256.5,308.8,130.5,98.1,104.8,126.2,201.0,1867.1,60.1,10.8,202.9,10.9,10.8,4.69
646,2015,Gävleborg,Södra Norrland,77.0,135.2,149.9,162.6,187.4,295.4,165.3,102.5,87.0,66.1,41.8,1470.2,50.7,7.3,189.5,12.9,2.8,6.01
647,2015,Västernorrland,Södra Norrland,98.0,137.6,150.2,194.7,195.5,339.6,120.5,126.0,103.0,95.5,78.8,1639.4,53.9,10.6,229.0,14.0,4.8,5.92
648,2015,Jämtland,Södra Norrland,101.9,191.9,224.6,291.4,282.5,364.9,141.5,161.9,182.1,237.2,374.7,2554.6,68.9,14.7,344.0,13.5,14.7,4.23
649,2015,Västerbotten,Norra Norrland,112.9,245.6,226.1,286.2,344.0,514.4,373.7,294.6,236.6,222.9,233.8,3090.8,63.4,7.6,531.2,17.2,7.6,3.73
650,2015,Norrbotten,Norra Norrland,100.0,212.7,236.4,224.0,379.3,669.0,492.7,348.0,193.9,233.3,317.1,3406.4,66.4,9.3,541.9,15.9,9.3,2.93
651,2016,Stockholm,Svealand,18.4,10.8,24.2,18.0,42.1,62.4,35.0,41.8,21.9,10.6,15.3,300.5,60.0,15.9,63.7,21.2,5.1,7.11
652,2016,Uppsala,Svealand,30.0,35.1,40.5,49.6,55.3,91.5,59.9,51.7,36.9,12.3,10.2,473.0,52.6,4.8,88.6,18.7,2.2,6.66
653,2016,Södermanland,Svealand,13.9,29.6,29.8,38.8,33.3,71.1,61.0,33.4,18.4,5.8,6.4,341.5,51.2,9.0,51.8,15.2,1.9,7.72
654,2016,Östergötland,Götaland,24.8,59.1,54.2,61.1,78.4,160.6,65.9,50.0,32.2,14.6,10.0,610.9,48.7,9.3,82.2,13.5,1.6,7.96
655,2016,Jönköping,Götaland,26.7,73.9,70.9,80.3,71.0,131.2,84.2,64.3,48.8,21.4,16.5,689.2,51.1,12.6,113.1,16.4,2.4,7.15
656,2016,Kronoberg,Götaland,27.1,87.5,104.8,67.1,76.8,121.5,65.8,61.9,28.7,7.8,3.2,652.2,42.1,1.7,90.6,13.9,0.5,6.36
657,2016,Kalmar,Götaland,26.7,54.3,69.9,68.1,80.9,147.4,85.4,80.6,53.0,32.2,15.3,713.8,54.9,14.1,133.6,18.7,2.1,7.22
658,2016,Gotland,Götaland,9.1,3.1,7.7,8.4,14.3,17.1,9.5,9.7,11.9,8.2,14.7,113.7,70.6,20.1,21.6,19.0,12.9,4.17
659,2016,Blekinge,Götaland,6.8,22.9,20.2,15.3,26.8,38.7,24.6,25.0,9.1,4.4,1.4,195.2,48.6,7.6,34.1,17.5,0.7,8.34
660,2016,Skåne,Götaland,29.8,42.2,39.4,36.4,35.7,83.2,56.9,40.3,13.8,12.1,5.4,395.2,47.5,7.9,54.1,13.7,1.4,8.24
661,2016,Halland,Götaland,11.1,31.1,26.3,26.4,26.0,61.4,48.2,32.3,14.7,5.9,1.7,285.1,49.8,7.8,47.0,16.5,0.6,8.3
662,2016,Västra Götaland,Götaland,63.4,116.3,120.3,122.2,136.7,271.4,145.1,134.3,81.6,36.7,27.0,1255.0,51.5,11.6,215.9,17.2,2.2,7.66
663,2016,Värmland,Svealand,49.5,103.3,120.3,138.5,170.0,327.5,155.5,69.3,69.2,56.0,41.0,1300.1,51.6,7.5,138.5,10.7,3.2,6.7
664,2016,Orebro,Svealand,30.9,51.6,60.5,63.3,78.6,150.9,51.9,38.1,18.8,17.0,9.6,571.2,45.6,4.7,56.9,10.0,1.7,6.74
665,2016,Västmanland,Svealand,25.1,31.7,40.1,44.8,33.1,58.6,33.6,23.5,13.5,10.8,2.7,317.5,43.6,4.3,37.0,11.7,0.9,6.42
666,2016,Dalarna,Svealand,85.5,152.3,162.1,237.1,253.3,324.6,137.1,95.9,103.4,127.8,204.8,1883.9,60.4,10.9,199.3,10.6,10.9,4.69
667,2016,Gävleborg,Södra Norrland,68.9,145.4,145.3,169.4,185.0,291.7,164.5,92.4,82.9,69.8,44.1,1459.4,50.5,7.8,175.3,12.0,3.0,6.01
668,2016,Västernorrland,Södra Norrland,101.5,156.5,149.6,206.7,200.2,326.4,127.9,111.7,97.6,87.2,75.8,1641.1,52.0,9.9,209.3,12.8,4.6,5.92
669,2016,Jämtland,Södra Norrland,94.4,202.2,221.2,284.9,300.9,364.5,145.2,158.5,171.2,231.9,378.1,2553.0,68.6,14.8,329.7,12.9,14.8,4.23
670,2016,Västerbotten,Norra Norrland,115.4,238.3,232.9,282.6,344.6,549.4,383.5,288.1,224.8,221.0,242.2,3122.8,63.2,7.8,512.9,16.4,7.8,3.73
671,2016,Norrbotten,Norra Norrland,109.8,220.5,228.1,215.4,384.7,673.6,476.7,341.6,194.3,219.9,321.8,3386.4,66.1,9.5,535.9,15.8,9.5,2.93
672,2017,Stockholm,Svealand,17.8,11.7,24.9,21.2,40.8,58.7,37.8,39.2,23.5,10.2,16.3,302.1,60.1,16.6,62.7,20.8,5.4,7.11
673,2017,Uppsala,Svealand,29.8,37.3,42.1,49.6,59.4,93.5,60.3,48.1,35.9,13.0,10.1,479.1,51.8,4.8,84.0,17.5,2.1,6.66
674,2017,Södermanland,Svealand,18.4,29.5,28.4,36.4,33.0,72.2,60.4,30.4,16.8,6.1,6.3,337.9,50.2,8.6,47.2,14.0,1.9,7.72
675,2017,Östergötland,Götaland,28.2,56.7,51.4,64.9,76.5,156.0,67.3,50.5,29.7,14.5,10.0,605.7,48.4,8.9,80.2,13.2,1.7,7.96
676,2017,Jönköping,Götaland,23.8,71.9,77.3,83.2,73.2,134.9,86.2,64.8,54.1,24.2,16.6,710.2,51.8,13.4,118.9,16.7,2.3,7.15
677,2017,Kronoberg,Götaland,28.6,83.0,115.5,71.8,68.5,119.2,69.0,58.2,28.1,9.1,4.9,655.9,42.1,2.1,86.3,13.2,0.7,6.36
678,2017,Kalmar,Götaland,28.8,52.4,72.9,69.3,86.5,144.8,85.3,77.2,52.0,32.8,14.7,716.7,54.3,13.9,129.2,18.0,2.1,7.22
679,2017,Gotland,Götaland,8.9,3.4,7.3,7.8,14.7,18.0,9.3,8.9,11.5,7.5,14.6,111.9,70.0,19.7,20.4,18.2,13.0,4.17
680,2017,Blekinge,Götaland,7.1,20.6,20.1,14.6,27.9,41.1,27.1,21.4,10.0,3.7,1.3,194.9,48.6,7.7,31.4,16.1,0.7,8.34
681,2017,Skåne,Götaland,27.4,42.6,40.0,36.5,38.2,83.7,53.7,37.6,13.6,12.5,4.7,390.5,47.0,7.9,51.2,13.1,1.2,8.24
682,2017,Halland,Götaland,11.2,24.9,32.0,25.9,25.3,61.4,45.6,32.9,14.5,5.5,1.2,280.4,49.7,7.6,47.4,16.9,0.4,8.3
683,2017,Västra Götaland,Götaland,61.0,115.1,120.0,119.6,128.5,277.2,147.2,134.1,83.3,39.2,27.6,1252.8,52.1,12.0,217.4,17.4,2.2,7.66
684,2017,Värmland,Svealand,49.5,102.3,119.1,138.2,165.4,329.0,169.1,70.7,64.7,50.2,48.8,1307.0,52.0,7.6,135.4,10.4,3.7,6.7
685,2017,Orebro,Svealand,31.5,54.3,67.0,60.9,75.0,154.7,55.9,38.4,15.1,17.5,7.5,577.8,44.6,4.3,53.5,9.3,1.3,6.74
686,2017,Västmanland,Svealand,25.2,30.8,37.1,42.4,38.8,59.0,32.6,21.7,12.5,8.9,1.9,310.9,42.6,3.5,34.2,11.0,0.6,6.42
687,2017,Dalarna,Svealand,83.6,160.1,166.6,235.0,238.9,333.9,139.6,91.4,94.9,118.9,208.0,1870.9,59.8,11.1,186.3,10.0,11.1,4.69
688,2017,Gävleborg,Södra Norrland,70.8,140.9,147.4,164.9,180.0,294.4,171.0,93.8,77.5,73.0,49.4,1463.1,51.2,8.4,171.3,11.7,3.4,6.01
689,2017,Västernorrland,Södra Norrland,95.2,151.1,149.6,185.1,217.3,316.8,143.7,94.0,105.4,91.0,76.5,1625.7,52.8,10.3,199.4,12.3,4.7,5.92
690,2017,Jämtland,Södra Norrland,96.5,201.3,204.6,279.6,305.8,368.0,153.5,146.0,163.8,239.2,388.3,2546.6,69.2,15.2,309.8,12.2,15.2,4.23
691,2017,Västerbotten,Norra Norrland,110.2,243.0,218.1,287.4,359.1,538.0,385.4,281.7,223.1,213.2,260.6,3119.8,63.7,8.4,504.8,16.2,8.4,3.73
692,2017,Norrbotten,Norra Norrland,106.3,213.3,229.0,220.5,358.2,663.6,493.9,340.3,211.3,213.5,331.3,3381.2,66.9,9.8,551.6,16.3,9.8,2.93
693,2018,Stockholm,Svealand,13.9,14.1,18.8,24.5,34.6,61.7,38.9,37.7,22.1,11.2,16.3,293.8,61.3,16.9,59.8,20.4,5.5,7.11
694,2018,Uppsala,Svealand,24.6,48.1,37.3,52.5,58.0,91.3,66.2,48.1,33.5,13.0,12.0,484.6,51.9,5.2,81.6,16.8,2.5,6.66
695,2018,Södermanland,Svealand,21.2,28.8,27.0,29.3,33.4,72.1,59.8,34.1,15.5,6.7,6.0,333.9,50.7,8.4,49.6,14.9,1.8,7.72
696,2018,Östergötland,Götaland,30.5,50.7,51.7,63.7,75.6,159.2,70.1,50.3,30.3,14.7,9.8,606.6,48.9,9.0,80.6,13.3,1.6,7.96
697,2018,Jönköping,Götaland,22.9,71.1,86.5,73.7,80.8,127.0,86.5,66.1,53.3,26.1,16.7,710.7,51.9,13.5,119.4,16.8,2.3,7.15
698,2018,Kronoberg,Götaland,29.3,73.0,122.5,72.7,58.9,122.8,69.6,57.3,28.6,9.5,6.0,650.2,42.7,2.4,85.9,13.2,0.9,6.36
699,2018,Kalmar,Götaland,33.9,55.8,74.4,71.7,84.9,142.8,80.3,80.8,53.6,26.5,18.0,722.7,53.6,13.6,134.4,18.6,2.5,7.22
700,2018,Gotland,Götaland,6.0,4.0,6.9,6.8,14.3,15.2,11.5,8.2,12.8,8.5,14.1,108.3,73.3,20.9,21.0,19.4,13.0,4.17
701,2018,Blekinge,Götaland,8.1,16.6,19.3,14.8,24.4,37.6,31.6,21.4,10.7,4.6,2.3,191.4,51.3,9.2,32.1,16.8,1.2,8.34
702,2018,Skåne,Götaland,27.3,40.2,41.9,38.6,37.0,81.3,57.7,41.5,15.2,11.7,4.9,397.3,47.8,8.0,56.7,14.3,1.2,8.24
703,2018,Halland,Götaland,13.7,18.4,35.6,26.2,23.6,61.9,43.6,33.6,14.9,6.1,1.0,278.6,50.1,7.9,48.5,17.4,0.4,8.3
704,2018,Västra Götaland,Götaland,59.5,107.8,121.7,128.9,117.1,282.6,143.4,128.1,81.8,42.5,26.5,1239.9,52.1,12.2,209.9,16.9,2.1,7.66
705,2018,Värmland,Svealand,46.9,113.6,119.7,125.5,169.1,321.7,170.1,74.4,62.3,44.3,51.0,1298.6,51.8,7.3,136.7,10.5,3.9,6.7
706,2018,Orebro,Svealand,28.3,51.9,70.4,63.0,72.4,157.0,56.3,39.4,17.9,16.8,5.5,578.9,44.8,3.9,57.3,9.9,1.0,6.74
707,2018,Västmanland,Svealand,25.3,28.3,43.9,36.2,40.4,54.9,29.2,21.6,12.5,7.2,3.1,302.6,42.1,3.4,34.1,11.3,1.0,6.42
708,2018,Dalarna,Svealand,80.8,157.8,173.3,224.6,247.6,334.5,145.4,81.9,91.3,120.7,210.2,1868.1,59.9,11.3,173.2,9.3,11.3,4.69
709,2018,Gävleborg,Södra Norrland,78.1,144.1,141.3,164.7,175.2,287.2,178.6,88.4,72.9,76.7,50.0,1457.2,51.0,8.7,161.3,11.1,3.4,6.01
710,2018,Västernorrland,Södra Norrland,92.0,151.5,149.7,170.0,205.4,323.6,157.9,98.8,94.1,95.6,78.5,1617.1,53.5,10.8,192.9,11.9,4.9,5.92
711,2018,Jämtland,Södra Norrland,92.9,223.0,202.2,255.1,305.0,379.6,166.0,142.6,158.5,239.1,390.8,2554.8,69.1,15.3,301.1,11.8,15.3,4.23
712,2018,Västerbotten,Norra Norrland,98.6,249.5,234.9,259.5,374.0,517.4,403.9,258.5,222.6,214.3,264.9,3098.1,63.8,8.6,481.1,15.5,8.6,3.73
713,2018,Norrbotten,Norra Norrland,105.9,216.0,211.5,231.8,331.0,646.9,507.4,328.0,212.3,220.1,336.3,3347.2,67.5,10.0,540.3,16.1,10.0,2.93
714,2019,Stockholm,Svealand,15.7,14.6,20.4,21.9,34.1,60.5,41.8,33.2,19.3,13.7,15.5,290.7,60.4,16.7,52.5,18.1,5.3,7.11
715,2019,Uppsala,Svealand,28.5,48.9,43.2,50.6,56.7,89.8,64.7,47.1,34.7,14.6,13.7,492.5,51.8,5.7,81.8,16.6,2.8,6.66
716,2019,Södermanland,Svealand,27.6,24.1,27.9,36.1,33.5,67.3,59.3,32.9,14.2,4.6,6.9,334.4,49.2,7.7,47.1,14.1,2.1,7.72
717,2019,Östergötland,Götaland,31.6,53.8,57.0,66.9,73.7,159.0,73.8,47.7,27.2,14.3,9.6,614.6,47.7,8.3,74.9,12.2,1.6,7.96
718,2019,Jönköping,Götaland,23.1,65.6,80.4,79.6,78.1,131.1,87.6,64.1,54.0,31.5,17.3,712.4,53.1,14.4,118.1,16.6,2.4,7.15
719,2019,Kronoberg,Götaland,27.9,62.4,127.1,80.4,55.5,126.2,64.5,57.3,28.4,12.0,8.0,649.7,43.5,3.1,85.7,13.2,1.2,6.36
720,2019,Kalmar,Götaland,38.5,54.3,78.7,65.2,86.6,145.2,76.8,80.4,48.4,27.0,16.3,717.4,52.6,12.8,128.8,18.0,2.3,7.22
721,2019,Gotland,Götaland,7.2,3.1,5.9,7.6,13.0,15.3,12.1,7.8,12.9,7.5,15.5,107.9,74.2,21.3,20.7,19.2,14.4,4.17
722,2019,Blekinge,Götaland,6.8,16.0,21.9,16.0,22.6,38.4,27.0,22.4,10.3,5.3,2.3,189.0,51.2,9.5,32.7,17.3,1.2,8.34
723,2019,Skåne,Götaland,28.7,39.1,48.7,38.3,33.4,78.1,61.3,41.7,16.2,12.4,5.5,403.4,48.1,8.5,57.9,14.4,1.4,8.24
724,2019,Halland,Götaland,14.4,19.8,40.1,24.7,27.0,60.8,47.6,32.9,15.0,6.1,1.6,290.0,49.6,7.8,47.9,16.5,0.6,8.3
725,2019,Västra Götaland,Götaland,60.3,104.9,123.7,138.7,120.8,276.8,134.8,130.0,78.9,47.9,28.5,1245.3,52.2,12.5,208.9,16.8,2.3,7.66
726,2019,Värmland,Svealand,46.0,113.8,119.7,130.8,165.0,319.9,173.2,70.3,65.7,40.6,49.3,1294.3,51.5,6.9,136.0,10.5,3.8,6.7
727,2019,Orebro,Svealand,33.5,49.7,70.6,64.7,76.0,153.5,55.9,33.5,21.6,14.3,5.9,579.2,44.0,3.5,55.1,9.5,1.0,6.74
728,2019,Västmanland,Svealand,27.7,29.2,45.0,33.1,37.4,56.3,30.0,20.2,12.6,6.1,2.5,300.1,41.2,2.9,32.8,10.9,0.8,6.42
729,2019,Dalarna,Svealand,75.0,153.5,170.8,210.4,250.9,337.0,153.4,85.6,88.6,119.5,208.5,1853.2,60.3,11.3,174.2,9.4,11.3,4.69
730,2019,Gävleborg,Södra Norrland,80.4,144.4,143.7,165.6,175.2,289.4,196.9,91.2,70.4,73.8,55.0,1486.0,51.3,8.7,161.6,10.9,3.7,6.01
731,2019,Västernorrland,Södra Norrland,93.7,155.6,134.7,168.5,207.0,338.5,157.1,99.9,86.1,89.7,80.6,1611.4,53.2,10.6,186.0,11.5,5.0,5.92
732,2019,Jämtland,Södra Norrland,101.6,219.5,214.0,257.7,319.0,387.6,174.1,133.9,153.7,232.0,388.7,2581.8,68.0,15.1,287.6,11.1,15.1,4.23
733,2019,Västerbotten,Norra Norrland,99.1,232.9,238.2,244.3,335.7,506.4,416.0,253.0,221.0,197.1,266.5,3010.2,64.3,8.9,474.0,15.7,8.9,3.73
734,2019,Norrbotten,Norra Norrland,114.9,205.4,209.0,219.4,319.7,679.0,514.7,327.1,223.4,208.3,341.4,3362.3,67.7,10.2,550.5,16.4,10.2,2.93
